"dataset","preprocess","labels","method","ar","r","fm","afm","mi","nmi","ami"
"other/chameleon_t4_8k","none","labels0","Genie_g0.1:M25",0.8485197007208257,0.9529841295543036,0.8776236031944503,0.8485287170608503,1.561577836641059,0.9122447500144357,0.9121559931500066
"other/chameleon_t4_8k","none","labels0","Genie_g0.3:M25",0.9991794859348574,0.9997461250867005,0.9993364532879875,0.999179488870849,1.7109640417138465,0.998193464559997,0.9981916398432042
"other/chameleon_t4_8k","none","labels0","Genie_g0.5:M25",0.9991794859348574,0.9997461250867005,0.9993364532879875,0.999179488870849,1.7109640417138465,0.998193464559997,0.9981916398432042
"other/chameleon_t4_8k","none","labels0","Genie_g0.7:M25",0.5803647288489568,0.8247656180308216,0.7224260379828877,0.6224587799393144,1.0489326337120075,0.7592572436189656,0.7591367181213766
"other/chameleon_t4_8k","none","labels0","Genie_g1.0:M25",0.0,0.19128759012015484,0.43736436768460557,0.0,0.0,0.0,-9.262229013275226e-17
"other/chameleon_t4_8k","none","labels0","GIc_A5_TC3:M25",0.8300657144461445,0.9478054401298178,0.8622995341022717,0.8301129788668137,1.561649251128058,0.9081592704999669,0.9080668067905358
"other/chameleon_t4_8k","none","labels0","GIc_A5_TC11:M25",0.824933177182068,0.9467261568380507,0.8578920069978409,0.8251791268175247,1.5291187718745318,0.8852759821480557,0.8851610028279594
"other/chameleon_t4_8k","none","labels0","GIc_A1_TC3:M25",0.8612803803541788,0.9578886752970396,0.8874285660643869,0.8616185686129323,1.5862037579862225,0.9170993579725465,0.9170163854220402
"other/chameleon_t4_8k","none","labels0","GIc_A1_TC11:M25",0.8534674476321672,0.9557181230387533,0.8810516108782418,0.8539848820606454,1.5862751724732214,0.9154256538587692,0.9153411663085356
"other/chameleon_t4_8k","none","labels0","GIc_A0_TC3:M25",0.9991794859348574,0.9997461250867005,0.9993364532879875,0.999179488870849,1.7109640417138465,0.998193464559997,0.9981916398432042
"other/chameleon_t4_8k","none","labels0","GIc_A0_TC11:M25",0.8534674476321672,0.9557181230387533,0.8810516108782418,0.8539848820606454,1.5862751724732214,0.9154256538587692,0.9153411663085356
"other/chameleon_t4_8k","none","labels0","GIc_A0_TC0:M25",0.5111211894702423,0.8507616304655392,0.6030701638561552,0.5112207091612652,1.178345129269496,0.682606606624787,0.6822883180608469
"other/chameleon_t4_8k","none","labels0","Genie_g0.1:M15",0.6389505296507236,0.8851923515668655,0.7108759820690087,0.6394415216844861,1.3742421575159909,0.8088544059410897,0.80865961540886
"other/chameleon_t4_8k","none","labels0","Genie_g0.3:M15",0.9994185434102381,0.9998201003659029,0.9995297695589288,0.9994185434346515,1.711915404368343,0.9987168552403213,0.9987155592237809
"other/chameleon_t4_8k","none","labels0","Genie_g0.5:M15",0.9994185434102381,0.9998201003659029,0.9995297695589288,0.9994185434346515,1.711915404368343,0.9987168552403213,0.9987155592237809
"other/chameleon_t4_8k","none","labels0","Genie_g0.7:M15",0.5803647288489568,0.8247656180308216,0.7224260379828877,0.6224587799393144,1.0489326337120075,0.7592572436189656,0.7591367181213766
"other/chameleon_t4_8k","none","labels0","Genie_g1.0:M15",0.0,0.19128759012015484,0.43736436768460557,0.0,0.0,0.0,-9.262229013275226e-17
"other/chameleon_t4_8k","none","labels0","GIc_A5_TC3:M15",0.8483715603833782,0.9529441645814837,0.877498492205261,0.8483798646569708,1.5606702748329213,0.9116471094494925,0.9115577548735205
"other/chameleon_t4_8k","none","labels0","GIc_A5_TC11:M15",0.8483715603833782,0.9529441645814837,0.877498492205261,0.8483798646569708,1.5606702748329213,0.9116471094494925,0.9115577548735205
"other/chameleon_t4_8k","none","labels0","GIc_A1_TC3:M15",0.9994185434102381,0.9998201003659029,0.9995297695589288,0.9994185434346515,1.711915404368343,0.9987168552403213,0.9987155592237809
"other/chameleon_t4_8k","none","labels0","GIc_A1_TC11:M15",0.8721274790068909,0.9609441444272281,0.8963009282701919,0.8722840664203687,1.5879980689305366,0.9205410495660016,0.9204613109178518
"other/chameleon_t4_8k","none","labels0","GIc_A0_TC3:M15",0.9994185434102381,0.9998201003659029,0.9995297695589288,0.9994185434346515,1.711915404368343,0.9987168552403213,0.9987155592237809
"other/chameleon_t4_8k","none","labels0","GIc_A0_TC11:M15",0.8721274790068909,0.9609441444272281,0.8963009282701919,0.8722840664203687,1.5879980689305366,0.9205410495660016,0.9204613109178518
"other/chameleon_t4_8k","none","labels0","GIc_A0_TC0:M15",0.8335628053781389,0.9493945344788738,0.86489507052977,0.8338373413008994,1.5082323698765359,0.8725119538746814,0.8723842826447433
"other/chameleon_t4_8k","none","labels0","Genie_g0.1:M9",0.6250849911281997,0.8816169560806324,0.698924507208945,0.6253530092499419,1.374295851916628,0.8061285887769204,0.8059317034716006
"other/chameleon_t4_8k","none","labels0","Genie_g0.3:M9",0.9994185434102381,0.9998201003659029,0.9995297695589288,0.9994185434346515,1.711915404368343,0.9987168552403213,0.9987155592237809
"other/chameleon_t4_8k","none","labels0","Genie_g0.5:M9",0.9994185434102381,0.9998201003659029,0.9995297695589288,0.9994185434346515,1.711915404368343,0.9987168552403213,0.9987155592237809
"other/chameleon_t4_8k","none","labels0","Genie_g0.7:M9",0.8153862240875211,0.9355498968411297,0.8647878899242699,0.8264013504903296,1.3741721985472608,0.8895895920000444,0.8895154163070428
"other/chameleon_t4_8k","none","labels0","Genie_g1.0:M9",0.0,0.19128759012015484,0.43736436768460557,0.0,0.0,0.0,-9.262229013275226e-17
"other/chameleon_t4_8k","none","labels0","GIc_A5_TC3:M9",0.677501957555731,0.9022820152163866,0.7377618291861904,0.6778238747315618,1.4251074807060489,0.8236617594871664,0.8234853305594715
"other/chameleon_t4_8k","none","labels0","GIc_A5_TC11:M9",0.6575024183659162,0.8972467721795389,0.7209251094571516,0.6581921095307818,1.3820313811794767,0.7950408878662422,0.7948367940159784
"other/chameleon_t4_8k","none","labels0","GIc_A1_TC3:M9",0.9994185434102381,0.9998201003659029,0.9995297695589288,0.9994185434346515,1.711915404368343,0.9987168552403213,0.9987155592237809
"other/chameleon_t4_8k","none","labels0","GIc_A1_TC11:M9",0.699028740035256,0.910281995062131,0.754661502510977,0.7001089004722837,1.4524352748036642,0.8331259102629751,0.8329602275276055
"other/chameleon_t4_8k","none","labels0","GIc_A0_TC3:M9",0.9994185434102381,0.9998201003659029,0.9995297695589288,0.9994185434346515,1.711915404368343,0.9987168552403213,0.9987155592237809
"other/chameleon_t4_8k","none","labels0","GIc_A0_TC11:M9",0.699028740035256,0.910281995062131,0.754661502510977,0.7001089004722837,1.4524352748036642,0.8331259102629751,0.8329602275276055
"other/chameleon_t4_8k","none","labels0","GIc_A0_TC0:M9",0.6707124546293715,0.9017962136795407,0.7314771984232348,0.6717228989934556,1.3978596451660368,0.8020155872830167,0.8018189679095368
"other/chameleon_t4_8k","none","labels0","Genie_g0.1:M5",0.8302284238119481,0.9478581923671024,0.8624297189691886,0.8302763939497877,1.5627468519851766,0.9087586727245696,0.9086668165175594
"other/chameleon_t4_8k","none","labels0","Genie_g0.3:M5",1.0,1.0,1.0,1.0,1.7141167610157058,1.0,1.0
"other/chameleon_t4_8k","none","labels0","Genie_g0.5:M5",0.9246602566473834,0.9755718207014819,0.9415719780093484,0.9266941922775657,1.5627468519851766,0.9529242370619928,0.952874131905106
"other/chameleon_t4_8k","none","labels0","Genie_g0.7:M5",0.5803647288489568,0.8247656180308216,0.7224260379828877,0.6224587799393144,1.0489326337120075,0.7592572436189656,0.7591367181213766
"other/chameleon_t4_8k","none","labels0","Genie_g1.0:M5",0.0,0.19128759012015484,0.43736436768460557,0.0,0.0,0.0,-9.262229013275226e-17
"other/chameleon_t4_8k","none","labels0","GIc_A5_TC3:M5",0.8707536616987783,0.9605653742024993,0.8951730388780257,0.8709363523183924,1.5891670842746537,0.9205843073352868,0.9205046683525397
"other/chameleon_t4_8k","none","labels0","GIc_A5_TC11:M5",0.8707536616987783,0.9605653742024993,0.8951730388780257,0.8709363523183924,1.5891670842746537,0.9205843073352868,0.9205046683525397
"other/chameleon_t4_8k","none","labels0","GIc_A1_TC3:M5",0.8632460732649874,0.9584530707966706,0.8890326268773212,0.8635574847217032,1.5891670842746541,0.919264870137692,0.9191840242854856
"other/chameleon_t4_8k","none","labels0","GIc_A1_TC11:M5",0.8538878579214632,0.9558452322646273,0.8813942971513764,0.8544056100201568,1.589167084274654,0.9170775350129707,0.9169946992535373
"other/chameleon_t4_8k","none","labels0","GIc_A0_TC3:M5",1.0,1.0,1.0,1.0,1.7141167610157058,1.0,1.0
"other/chameleon_t4_8k","none","labels0","GIc_A0_TC11:M5",0.8538878579214632,0.9558452322646273,0.8813942971513764,0.8544056100201568,1.589167084274654,0.9170775350129707,0.9169946992535373
"other/chameleon_t4_8k","none","labels0","GIc_A0_TC0:M5",0.46661808485755346,0.8343576313879018,0.5691518831710495,0.4666249572590955,1.1661520361992332,0.6796574896446042,0.6793342733011631
"other/chameleon_t4_8k","none","labels0","Genie_g0.1:M3",0.8303643508753761,0.9478959815964163,0.86254233283921,0.8304113367817877,1.5627468519851764,0.9088006941491842,0.9087088759120729
"other/chameleon_t4_8k","none","labels0","Genie_g0.3:M3",1.0,1.0,1.0,1.0,1.7141167610157058,1.0,1.0
"other/chameleon_t4_8k","none","labels0","Genie_g0.5:M3",0.9252757884817675,0.9757625990531088,0.9420947422712121,0.9273418764061334,1.5627468519851766,0.953806466515734,0.9537674340790274
"other/chameleon_t4_8k","none","labels0","Genie_g0.7:M3",0.5803647288489568,0.8247656180308216,0.7224260379828877,0.6224587799393144,1.0489326337120075,0.7592572436189656,0.7591367181213766
"other/chameleon_t4_8k","none","labels0","Genie_g1.0:M3",0.0,0.19128759012015484,0.43736436768460557,0.0,0.0,0.0,-9.262229013275226e-17
"other/chameleon_t4_8k","none","labels0","GIc_A5_TC3:M3",0.8721671594660614,0.9609651002725749,0.8963304235521645,0.8723293476891807,1.5891670842746537,0.9210809096607083,0.9210017249182658
"other/chameleon_t4_8k","none","labels0","GIc_A5_TC11:M3",0.8540241763809502,0.9558830214939411,0.8815054410454698,0.8545385632862147,1.589167084274654,0.9171196178163659,0.9170368202161213
"other/chameleon_t4_8k","none","labels0","GIc_A1_TC3:M3",0.8851788798600083,0.9646753155142994,0.907004483037768,0.885209092174927,1.589167084274654,0.9258650984473815,0.9257903162952025
"other/chameleon_t4_8k","none","labels0","GIc_A1_TC11:M3",0.8540241763809502,0.9558830214939411,0.8815054410454698,0.8545385632862147,1.589167084274654,0.9171196178163659,0.9170368202161213
"other/chameleon_t4_8k","none","labels0","GIc_A0_TC3:M3",1.0,1.0,1.0,1.0,1.7141167610157058,1.0,1.0
"other/chameleon_t4_8k","none","labels0","GIc_A0_TC11:M3",0.8540241763809502,0.9558830214939411,0.8815054410454698,0.8545385632862147,1.589167084274654,0.9171196178163659,0.9170368202161213
"other/chameleon_t4_8k","none","labels0","GIc_A0_TC0:M3",0.526106206841183,0.8523668329507269,0.6175945420152363,0.5261324578571309,1.200254924787711,0.702966933086724,0.7026657133476975
"other/chameleon_t4_8k","none","labels0","Genie_g0.1:M1",0.8303187695555927,0.9478833088447676,0.8625045689326474,0.8303660843891281,1.5627468519851766,0.9087865995774489,0.9086947686042807
"other/chameleon_t4_8k","none","labels0","Genie_g0.3:M1",1.0,1.0,1.0,1.0,1.7141167610157058,1.0,1.0
"other/chameleon_t4_8k","none","labels0","Genie_g0.5:M1",0.9252757884817675,0.9757625990531088,0.9420947422712121,0.9273418764061334,1.5627468519851766,0.953806466515734,0.9537674340790274
"other/chameleon_t4_8k","none","labels0","Genie_g0.7:M1",0.5803647288489568,0.8247656180308216,0.7224260379828877,0.6224587799393144,1.0489326337120075,0.7592572436189656,0.7591367181213766
"other/chameleon_t4_8k","none","labels0","Genie_g1.0:M1",0.0,0.19128759012015484,0.43736436768460557,0.0,0.0,0.0,-9.262229013275226e-17
"other/chameleon_t4_8k","none","labels0","GIc_A5_TC3:M1",0.8721671594660614,0.9609651002725749,0.8963304235521645,0.8723293476891807,1.5891670842746537,0.9210809096607083,0.9210017249182658
"other/chameleon_t4_8k","none","labels0","GIc_A5_TC11:M1",0.8539784638494047,0.9558703487422924,0.8814681700664775,0.8544939780527931,1.5891670842746541,0.9171055026606386,0.9170226922608535
"other/chameleon_t4_8k","none","labels0","GIc_A1_TC3:M1",0.8851788798600083,0.9646753155142994,0.907004483037768,0.885209092174927,1.589167084274654,0.9258650984473815,0.9257903162952025
"other/chameleon_t4_8k","none","labels0","GIc_A1_TC11:M1",0.8539784638494047,0.9558703487422924,0.8814681700664775,0.8544939780527931,1.5891670842746541,0.9171055026606386,0.9170226922608535
"other/chameleon_t4_8k","none","labels0","GIc_A0_TC3:M1",1.0,1.0,1.0,1.0,1.7141167610157058,1.0,1.0
"other/chameleon_t4_8k","none","labels0","GIc_A0_TC11:M1",0.8539784638494047,0.9558703487422924,0.8814681700664775,0.8544939780527931,1.5891670842746541,0.9171055026606386,0.9170226922608535
"other/chameleon_t4_8k","none","labels0","GIc_A0_TC0:M1",0.6332356414903864,0.8895881550385963,0.7012931550672019,0.633757507808427,1.344740632323341,0.7746852618492805,0.7744605763407274
"other/chameleon_t5_8k","none","labels0","Genie_g0.1:M25",1.0,1.0,1.0,1.0,1.790372563135453,1.0,1.0
"other/chameleon_t5_8k","none","labels0","Genie_g0.3:M25",1.0,1.0,1.0,1.0,1.790372563135453,1.0,1.0
"other/chameleon_t5_8k","none","labels0","Genie_g0.5:M25",1.0,1.0,1.0,1.0,1.790372563135453,1.0,1.0
"other/chameleon_t5_8k","none","labels0","Genie_g0.7:M25",0.5476801402647313,0.8198995926667431,0.6936362441444833,0.5964849217091902,1.2194174197476761,0.8103006699354985,0.8101616451446425
"other/chameleon_t5_8k","none","labels0","Genie_g1.0:M25",0.0,0.16700163645215937,0.4086583370643003,0.0,0.0,0.0,0.0
"other/chameleon_t5_8k","none","labels0","GIc_A5_TC3:M25",1.0,1.0,1.0,1.0,1.790372563135453,1.0,1.0
"other/chameleon_t5_8k","none","labels0","GIc_A5_TC11:M25",1.0,1.0,1.0,1.0,1.790372563135453,1.0,1.0
"other/chameleon_t5_8k","none","labels0","GIc_A1_TC3:M25",1.0,1.0,1.0,1.0,1.790372563135453,1.0,1.0
"other/chameleon_t5_8k","none","labels0","GIc_A1_TC11:M25",1.0,1.0,1.0,1.0,1.790372563135453,1.0,1.0
"other/chameleon_t5_8k","none","labels0","GIc_A0_TC3:M25",1.0,1.0,1.0,1.0,1.790372563135453,1.0,1.0
"other/chameleon_t5_8k","none","labels0","GIc_A0_TC11:M25",1.0,1.0,1.0,1.0,1.790372563135453,1.0,1.0
"other/chameleon_t5_8k","none","labels0","GIc_A0_TC0:M25",0.9216150785820203,0.9780561392640007,0.9348339739636021,0.921647919360992,1.660065800364591,0.9293192363272567,0.9292464760251591
"other/chameleon_t5_8k","none","labels0","Genie_g0.1:M15",1.0,1.0,1.0,1.0,1.790372563135453,1.0,1.0
"other/chameleon_t5_8k","none","labels0","Genie_g0.3:M15",1.0,1.0,1.0,1.0,1.790372563135453,1.0,1.0
"other/chameleon_t5_8k","none","labels0","Genie_g0.5:M15",1.0,1.0,1.0,1.0,1.790372563135453,1.0,1.0
"other/chameleon_t5_8k","none","labels0","Genie_g0.7:M15",0.47909150965879305,0.7780821939060063,0.6552854668373201,0.5373870488176207,1.0124912290972372,0.7224690917218722,0.7223235561857044
"other/chameleon_t5_8k","none","labels0","Genie_g1.0:M15",0.0,0.16700163645215937,0.4086583370643003,0.0,0.0,0.0,0.0
"other/chameleon_t5_8k","none","labels0","GIc_A5_TC3:M15",1.0,1.0,1.0,1.0,1.790372563135453,1.0,1.0
"other/chameleon_t5_8k","none","labels0","GIc_A5_TC11:M15",1.0,1.0,1.0,1.0,1.790372563135453,1.0,1.0
"other/chameleon_t5_8k","none","labels0","GIc_A1_TC3:M15",1.0,1.0,1.0,1.0,1.790372563135453,1.0,1.0
"other/chameleon_t5_8k","none","labels0","GIc_A1_TC11:M15",1.0,1.0,1.0,1.0,1.790372563135453,1.0,1.0
"other/chameleon_t5_8k","none","labels0","GIc_A0_TC3:M15",1.0,1.0,1.0,1.0,1.790372563135453,1.0,1.0
"other/chameleon_t5_8k","none","labels0","GIc_A0_TC11:M15",1.0,1.0,1.0,1.0,1.790372563135453,1.0,1.0
"other/chameleon_t5_8k","none","labels0","GIc_A0_TC0:M15",0.8909033262568481,0.9695457606304965,0.9092058865940874,0.8909125030635429,1.642231332754238,0.9183390913469456,0.918255120003609
"other/chameleon_t5_8k","none","labels0","Genie_g0.1:M9",1.0,1.0,1.0,1.0,1.790372563135453,1.0,1.0
"other/chameleon_t5_8k","none","labels0","Genie_g0.3:M9",1.0,1.0,1.0,1.0,1.790372563135453,1.0,1.0
"other/chameleon_t5_8k","none","labels0","Genie_g0.5:M9",0.8324021840434799,0.9475114886491655,0.872273840021903,0.8420295206993379,1.5659315560892986,0.9331285249865866,0.933069919987654
"other/chameleon_t5_8k","none","labels0","Genie_g0.7:M9",0.6943402607029637,0.8932213026821112,0.7810147557614071,0.7214543115352929,1.3377335990764447,0.8552993598724458,0.8551973448904808
"other/chameleon_t5_8k","none","labels0","Genie_g1.0:M9",0.0,0.16700163645215937,0.4086583370643003,0.0,0.0,0.0,0.0
"other/chameleon_t5_8k","none","labels0","GIc_A5_TC3:M9",1.0,1.0,1.0,1.0,1.790372563135453,1.0,1.0
"other/chameleon_t5_8k","none","labels0","GIc_A5_TC11:M9",0.9435288453277335,0.9842772344915195,0.9529683382382091,0.9435292888102689,1.7162109156774579,0.9588179560214387,0.9587756485225639
"other/chameleon_t5_8k","none","labels0","GIc_A1_TC3:M9",1.0,1.0,1.0,1.0,1.790372563135453,1.0,1.0
"other/chameleon_t5_8k","none","labels0","GIc_A1_TC11:M9",1.0,1.0,1.0,1.0,1.790372563135453,1.0,1.0
"other/chameleon_t5_8k","none","labels0","GIc_A0_TC3:M9",1.0,1.0,1.0,1.0,1.790372563135453,1.0,1.0
"other/chameleon_t5_8k","none","labels0","GIc_A0_TC11:M9",1.0,1.0,1.0,1.0,1.790372563135453,1.0,1.0
"other/chameleon_t5_8k","none","labels0","GIc_A0_TC0:M9",0.8500548559985661,0.95802388597875,0.875313698855684,0.8500849071474641,1.5885237692089387,0.8891344485250018,0.889020338951667
"other/chameleon_t5_8k","none","labels0","Genie_g0.1:M5",1.0,1.0,1.0,1.0,1.790372563135453,1.0,1.0
"other/chameleon_t5_8k","none","labels0","Genie_g0.3:M5",1.0,1.0,1.0,1.0,1.790372563135453,1.0,1.0
"other/chameleon_t5_8k","none","labels0","Genie_g0.5:M5",1.0,1.0,1.0,1.0,1.790372563135453,1.0,1.0
"other/chameleon_t5_8k","none","labels0","Genie_g0.7:M5",0.4821618686228057,0.7800788258501006,0.656974021140849,0.540057432359056,1.0149363239840028,0.7235825820422639,0.7234377572028269
"other/chameleon_t5_8k","none","labels0","Genie_g1.0:M5",0.0,0.16700163645215937,0.4086583370643003,0.0,0.0,0.0,0.0
"other/chameleon_t5_8k","none","labels0","GIc_A5_TC3:M5",1.0,1.0,1.0,1.0,1.790372563135453,1.0,1.0
"other/chameleon_t5_8k","none","labels0","GIc_A5_TC11:M5",0.7612837669232897,0.9323024038100626,0.8023114138961999,0.7615386238854597,1.5272155734051642,0.8590234994934076,0.8588776753760461
"other/chameleon_t5_8k","none","labels0","GIc_A1_TC3:M5",1.0,1.0,1.0,1.0,1.790372563135453,1.0,1.0
"other/chameleon_t5_8k","none","labels0","GIc_A1_TC11:M5",1.0,1.0,1.0,1.0,1.790372563135453,1.0,1.0
"other/chameleon_t5_8k","none","labels0","GIc_A0_TC3:M5",1.0,1.0,1.0,1.0,1.790372563135453,1.0,1.0
"other/chameleon_t5_8k","none","labels0","GIc_A0_TC11:M5",1.0,1.0,1.0,1.0,1.790372563135453,1.0,1.0
"other/chameleon_t5_8k","none","labels0","GIc_A0_TC0:M5",0.840877310579494,0.9545375800934606,0.8687760075008236,0.8414158393174433,1.602440721743219,0.9034888802535973,0.9033888099023489
"other/chameleon_t5_8k","none","labels0","Genie_g0.1:M3",1.0,1.0,1.0,1.0,1.790372563135453,1.0,1.0
"other/chameleon_t5_8k","none","labels0","Genie_g0.3:M3",1.0,1.0,1.0,1.0,1.790372563135453,1.0,1.0
"other/chameleon_t5_8k","none","labels0","Genie_g0.5:M3",0.8324021840434799,0.9475114886491655,0.872273840021903,0.8420295206993379,1.5659315560892986,0.9331285249865866,0.933069919987654
"other/chameleon_t5_8k","none","labels0","Genie_g0.7:M3",0.4821618686228057,0.7800788258501006,0.656974021140849,0.540057432359056,1.0149363239840028,0.7235825820422639,0.7234377572028269
"other/chameleon_t5_8k","none","labels0","Genie_g1.0:M3",0.0,0.16700163645215937,0.4086583370643003,0.0,0.0,0.0,0.0
"other/chameleon_t5_8k","none","labels0","GIc_A5_TC3:M3",1.0,1.0,1.0,1.0,1.790372563135453,1.0,1.0
"other/chameleon_t5_8k","none","labels0","GIc_A5_TC11:M3",0.8196204425627459,0.9494516674324474,0.850047795752483,0.8196599285237227,1.5803945549526595,0.8848568594221831,0.8847383103109382
"other/chameleon_t5_8k","none","labels0","GIc_A1_TC3:M3",1.0,1.0,1.0,1.0,1.790372563135453,1.0,1.0
"other/chameleon_t5_8k","none","labels0","GIc_A1_TC11:M3",1.0,1.0,1.0,1.0,1.790372563135453,1.0,1.0
"other/chameleon_t5_8k","none","labels0","GIc_A0_TC3:M3",1.0,1.0,1.0,1.0,1.790372563135453,1.0,1.0
"other/chameleon_t5_8k","none","labels0","GIc_A0_TC11:M3",1.0,1.0,1.0,1.0,1.790372563135453,1.0,1.0
"other/chameleon_t5_8k","none","labels0","GIc_A0_TC0:M3",0.688042314037434,0.9118037008968468,0.7413169686829675,0.6882050100916361,1.377617374067627,0.7741756576983779,0.7739422815738517
"other/chameleon_t5_8k","none","labels0","Genie_g0.1:M1",1.0,1.0,1.0,1.0,1.790372563135453,1.0,1.0
"other/chameleon_t5_8k","none","labels0","Genie_g0.3:M1",1.0,1.0,1.0,1.0,1.790372563135453,1.0,1.0
"other/chameleon_t5_8k","none","labels0","Genie_g0.5:M1",0.8324021840434799,0.9475114886491655,0.872273840021903,0.8420295206993379,1.5659315560892986,0.9331285249865866,0.933069919987654
"other/chameleon_t5_8k","none","labels0","Genie_g0.7:M1",0.4821618686228057,0.7800788258501006,0.656974021140849,0.540057432359056,1.0149363239840028,0.7235825820422639,0.7234377572028269
"other/chameleon_t5_8k","none","labels0","Genie_g1.0:M1",0.0,0.16700163645215937,0.4086583370643003,0.0,0.0,0.0,0.0
"other/chameleon_t5_8k","none","labels0","GIc_A5_TC3:M1",1.0,1.0,1.0,1.0,1.790372563135453,1.0,1.0
"other/chameleon_t5_8k","none","labels0","GIc_A5_TC11:M1",0.8198467073258228,0.9495155758580083,0.8502354799289434,0.8198860956697555,1.5806049115226861,0.8849710678852852,0.8848526368446575
"other/chameleon_t5_8k","none","labels0","GIc_A1_TC3:M1",1.0,1.0,1.0,1.0,1.790372563135453,1.0,1.0
"other/chameleon_t5_8k","none","labels0","GIc_A1_TC11:M1",1.0,1.0,1.0,1.0,1.790372563135453,1.0,1.0
"other/chameleon_t5_8k","none","labels0","GIc_A0_TC3:M1",1.0,1.0,1.0,1.0,1.790372563135453,1.0,1.0
"other/chameleon_t5_8k","none","labels0","GIc_A0_TC11:M1",1.0,1.0,1.0,1.0,1.790372563135453,1.0,1.0
"other/chameleon_t5_8k","none","labels0","GIc_A0_TC0:M1",0.752880431896793,0.9300577658045364,0.7952003722928779,0.7530834684453706,1.4881085831358694,0.836149806038338,0.8359805025876083
"other/chameleon_t7_10k","none","labels0","Genie_g0.1:M25",0.5262814438962756,0.8761716521596035,0.6093630106718598,0.5406371372515294,1.5815584457766048,0.7804542450039692,0.7800700911093864
"other/chameleon_t7_10k","none","labels0","Genie_g0.3:M25",0.6237424811731213,0.8956415794393774,0.6901338260064891,0.6290836242935396,1.6261847400220695,0.8233674634039155,0.8230500909164751
"other/chameleon_t7_10k","none","labels0","Genie_g0.5:M25",0.9977442933312077,0.9993179510516917,0.998163410036351,0.9977447217751825,1.8908321165226523,0.9953396151990104,0.9953308934510844
"other/chameleon_t7_10k","none","labels0","Genie_g0.7:M25",0.7957467311530959,0.9292015895073489,0.850656015462147,0.8090276712461173,1.4755581930800923,0.8739135264877723,0.8737813738957191
"other/chameleon_t7_10k","none","labels0","Genie_g1.0:M25",0.0,0.1854929724009461,0.4306889508693555,0.0,0.0,0.0,0.0
"other/chameleon_t7_10k","none","labels0","GIc_A5_TC3:M25",0.5996599447363458,0.8921666668569614,0.670810727541725,0.609382793878945,1.6311673947159875,0.8175711548180189,0.81724666359988
"other/chameleon_t7_10k","none","labels0","GIc_A5_TC11:M25",0.4783513779715756,0.865054905353319,0.5680500805533958,0.4936587107721864,1.5154274370082583,0.7443546208974644,0.743909439843467
"other/chameleon_t7_10k","none","labels0","GIc_A1_TC3:M25",0.6884572750486941,0.9151841912345147,0.7458596771162812,0.6974715959070072,1.725265429553369,0.8678421466080816,0.8676062308241926
"other/chameleon_t7_10k","none","labels0","GIc_A1_TC11:M25",0.5244764085671183,0.8755617046957865,0.6077061503459339,0.5385335930003995,1.576004633432139,0.7781654519487019,0.7777770578221229
"other/chameleon_t7_10k","none","labels0","GIc_A0_TC3:M25",0.6884572750486941,0.9151841912345147,0.7458596771162812,0.6974715959070072,1.725265429553369,0.8678421466080816,0.8676062308241926
"other/chameleon_t7_10k","none","labels0","GIc_A0_TC11:M25",0.5244764085671183,0.8755617046957865,0.6077061503459339,0.5385335930003995,1.576004633432139,0.7781654519487019,0.7777770578221229
"other/chameleon_t7_10k","none","labels0","GIc_A0_TC0:M25",0.4420529871625208,0.8530659686556288,0.5356694513772364,0.45274881987352084,1.4302973429781904,0.7081670375517145,0.7076546416666343
"other/chameleon_t7_10k","none","labels0","Genie_g0.1:M15",0.5451801296076969,0.882457575212015,0.6269917346923037,0.5628812967957475,1.61186565949422,0.791216652954844,0.7908533249138061
"other/chameleon_t7_10k","none","labels0","Genie_g0.3:M15",0.7156169846631415,0.9195647208116586,0.766737251450156,0.7191524080927559,1.715033989347587,0.8748659923785705,0.8746393812122729
"other/chameleon_t7_10k","none","labels0","Genie_g0.5:M15",0.8959430955771872,0.968756007191783,0.915116694608253,0.895980560413182,1.8071982432120106,0.9486433131518464,0.9485474893851167
"other/chameleon_t7_10k","none","labels0","Genie_g0.7:M15",0.7969476921510594,0.9296594630854125,0.8515007134663186,0.8101414733852809,1.4432483866767067,0.8632885841732041,0.8631436803164206
"other/chameleon_t7_10k","none","labels0","Genie_g1.0:M15",0.0,0.1854929724009461,0.4306889508693555,0.0,0.0,0.0,0.0
"other/chameleon_t7_10k","none","labels0","GIc_A5_TC3:M15",0.5306340379475898,0.875792463456293,0.6123659659044813,0.5424725949865744,1.5734686150824604,0.7811819070288558,0.7807965942429036
"other/chameleon_t7_10k","none","labels0","GIc_A5_TC11:M15",0.4167763148993128,0.847077318469026,0.5136920950100112,0.4276012999992133,1.421196576974943,0.7018446088868577,0.7013225252614688
"other/chameleon_t7_10k","none","labels0","GIc_A1_TC3:M15",0.6876043518718323,0.912174561580826,0.74346830075307,0.6916902294265898,1.6676768744766208,0.8465484607456506,0.8462720475437854
"other/chameleon_t7_10k","none","labels0","GIc_A1_TC11:M15",0.4854239031522138,0.8669693601000539,0.5743204799173223,0.5011058631318244,1.5264417968256696,0.7494096890272999,0.7489735322908897
"other/chameleon_t7_10k","none","labels0","GIc_A0_TC3:M15",0.6876043518718323,0.912174561580826,0.74346830075307,0.6916902294265898,1.6676768744766208,0.8465484607456506,0.8462720475437854
"other/chameleon_t7_10k","none","labels0","GIc_A0_TC11:M15",0.4854239031522138,0.8669693601000539,0.5743204799173223,0.5011058631318244,1.5264417968256696,0.7494096890272999,0.7489735322908897
"other/chameleon_t7_10k","none","labels0","GIc_A0_TC0:M15",0.38759744063248575,0.8403894442163471,0.48817815507620205,0.3986672908035251,1.3593909744167447,0.6693988980532647,0.6688217186707296
"other/chameleon_t7_10k","none","labels0","Genie_g0.1:M9",0.6047905971979706,0.8954283601909339,0.6766069076357945,0.6183098389037819,1.6695294932544076,0.8276706242318139,0.8273676624184675
"other/chameleon_t7_10k","none","labels0","Genie_g0.3:M9",0.6491664320635266,0.9005264064277598,0.7112794659753493,0.6521290427391214,1.6260321468213628,0.8287623790008372,0.8284526332890342
"other/chameleon_t7_10k","none","labels0","Genie_g0.5:M9",1.0,1.0,1.0,1.0,1.9003574784673263,1.0,1.0
"other/chameleon_t7_10k","none","labels0","Genie_g0.7:M9",0.8859643958851208,0.9628791045889606,0.9128252034045891,0.8905928432125798,1.6883376461306085,0.9409200768035507,0.9408324583633102
"other/chameleon_t7_10k","none","labels0","Genie_g1.0:M9",0.0,0.1854929724009461,0.4306889508693555,0.0,0.0,0.0,0.0
"other/chameleon_t7_10k","none","labels0","GIc_A5_TC3:M9",0.5981402232700014,0.8919952800735765,0.6696410557153643,0.6082533957873305,1.64064052967715,0.8212400040377342,0.8209224851018642
"other/chameleon_t7_10k","none","labels0","GIc_A5_TC11:M9",0.507114151015119,0.8726930227553791,0.5935031386464068,0.5237201607209849,1.544756290110029,0.758222610213339,0.757801886482038
"other/chameleon_t7_10k","none","labels0","GIc_A1_TC3:M9",0.7354896759227971,0.9264509470255478,0.7841243827204669,0.7413990172661801,1.7231950879805455,0.8768914592573952,0.8766689426178239
"other/chameleon_t7_10k","none","labels0","GIc_A1_TC11:M9",0.5631962984470186,0.8845276749085935,0.640644561660405,0.5759809921590573,1.595724755042743,0.7911451362677054,0.7907779036302675
"other/chameleon_t7_10k","none","labels0","GIc_A0_TC3:M9",0.7354896759227971,0.9264509470255478,0.7841243827204669,0.7413990172661801,1.7231950879805455,0.8768914592573952,0.8766689426178239
"other/chameleon_t7_10k","none","labels0","GIc_A0_TC11:M9",0.5631962984470186,0.8845276749085935,0.640644561660405,0.5759809921590573,1.595724755042743,0.7911451362677054,0.7907779036302675
"other/chameleon_t7_10k","none","labels0","GIc_A0_TC0:M9",0.4479400662156435,0.8559950914630895,0.5409808395329467,0.4605664477749911,1.4618826430802758,0.7207962487669265,0.7203081214877117
"other/chameleon_t7_10k","none","labels0","Genie_g0.1:M5",0.6219232396450185,0.8980274146460416,0.6897852000966795,0.6317507892386454,1.6663029409575894,0.8318410482440083,0.8315433069961475
"other/chameleon_t7_10k","none","labels0","Genie_g0.3:M5",0.6752938281134638,0.9091962941294549,0.7332863360091836,0.6799570858238037,1.6602696620448059,0.8403837509236174,0.8400970930896964
"other/chameleon_t7_10k","none","labels0","Genie_g0.5:M5",0.999506655154753,0.9998508898545122,0.9995982439350645,0.9995067144820351,1.8985465147711311,0.999166246709029,0.999164686767798
"other/chameleon_t7_10k","none","labels0","Genie_g0.7:M5",0.7580229921601239,0.9137573689332632,0.8261986537366979,0.7758836227446751,1.4155527712482427,0.8536013656792233,0.8534264752971904
"other/chameleon_t7_10k","none","labels0","Genie_g1.0:M5",0.0,0.1854929724009461,0.4306889508693555,0.0,0.0,0.0,0.0
"other/chameleon_t7_10k","none","labels0","GIc_A5_TC3:M5",0.6903921675949519,0.9144396608111014,0.746476909840991,0.6968561736693418,1.6605189207207494,0.8404568995539469,0.8401702157354228
"other/chameleon_t7_10k","none","labels0","GIc_A5_TC11:M5",0.5323117284402944,0.8787483085120491,0.6153418805490923,0.5487943644758599,1.5976602940757292,0.7855726201936244,0.7851988059880816
"other/chameleon_t7_10k","none","labels0","GIc_A1_TC3:M5",0.6903921675949519,0.9144396608111014,0.746476909840991,0.6968561736693418,1.6605189207207494,0.8404568995539469,0.8401702157354228
"other/chameleon_t7_10k","none","labels0","GIc_A1_TC11:M5",0.5331003207541654,0.8775641242253189,0.6150793872067022,0.5469218582685578,1.586476093920386,0.7841203208386375,0.7837419581043714
"other/chameleon_t7_10k","none","labels0","GIc_A0_TC3:M5",0.6903921675949519,0.9144396608111014,0.746476909840991,0.6968561736693418,1.6605189207207494,0.8404568995539469,0.8401702157354228
"other/chameleon_t7_10k","none","labels0","GIc_A0_TC11:M5",0.5331003207541654,0.8775641242253189,0.6150793872067022,0.5469218582685578,1.586476093920386,0.7841203208386375,0.7837419581043714
"other/chameleon_t7_10k","none","labels0","GIc_A0_TC0:M5",0.48223494597377176,0.8652018534259902,0.5710866419774384,0.4962420075780176,1.4914411926071072,0.7345292305716179,0.7340656745692412
"other/chameleon_t7_10k","none","labels0","Genie_g0.1:M3",0.5286860081945405,0.8775797445940953,0.6119856126587678,0.5445988838044621,1.5944102343575302,0.7844266154586275,0.784050591523616
"other/chameleon_t7_10k","none","labels0","Genie_g0.3:M3",0.7014894953557128,0.9187235530212283,0.7569414242656791,0.7106541619671763,1.7395023899087887,0.8745204350773674,0.8742965823579488
"other/chameleon_t7_10k","none","labels0","Genie_g0.5:M3",1.0,1.0,1.0,1.0,1.9003574784673263,1.0,1.0
"other/chameleon_t7_10k","none","labels0","Genie_g0.7:M3",0.8194653327544352,0.9384592209138227,0.8665339515917757,0.8301822271136617,1.5351889258737754,0.8937087410223511,0.8935715468203498
"other/chameleon_t7_10k","none","labels0","Genie_g1.0:M3",0.0,0.1854929724009461,0.4306889508693555,0.0,0.0,0.0,0.0
"other/chameleon_t7_10k","none","labels0","GIc_A5_TC3:M3",0.5704762323790612,0.8878523598696839,0.6480891892984066,0.5863199214043545,1.6601679636690778,0.8188369832926368,0.8185201535276863
"other/chameleon_t7_10k","none","labels0","GIc_A5_TC11:M3",0.5483435195796134,0.8815790691528301,0.6283774934106653,0.5625944216658962,1.598027121434857,0.7884999262111021,0.78812992049848
"other/chameleon_t7_10k","none","labels0","GIc_A1_TC3:M3",0.7014894953557128,0.9187235530212283,0.7569414242656791,0.7106541619671763,1.7395023899087887,0.8745204350773674,0.8742965823579488
"other/chameleon_t7_10k","none","labels0","GIc_A1_TC11:M3",0.5286860081945405,0.8775797445940953,0.6119856126587678,0.5445988838044621,1.5944102343575302,0.7844266154586275,0.784050591523616
"other/chameleon_t7_10k","none","labels0","GIc_A0_TC3:M3",0.7014894953557128,0.9187235530212283,0.7569414242656791,0.7106541619671763,1.7395023899087887,0.8745204350773674,0.8742965823579488
"other/chameleon_t7_10k","none","labels0","GIc_A0_TC11:M3",0.5286860081945405,0.8775797445940953,0.6119856126587678,0.5445988838044621,1.5944102343575302,0.7844266154586275,0.784050591523616
"other/chameleon_t7_10k","none","labels0","GIc_A0_TC0:M3",0.3746759284748301,0.8382985497520041,0.476773888766202,0.3867359149601378,1.337377501743314,0.6564009093010305,0.655803062871666
"other/chameleon_t7_10k","none","labels0","Genie_g0.1:M1",0.5285617950487544,0.8775558160353945,0.6118826365826392,0.5444874427694436,1.5943835610562689,0.78438810472853,0.7840120262441913
"other/chameleon_t7_10k","none","labels0","Genie_g0.3:M1",0.7014894953557128,0.9187235530212283,0.7569414242656791,0.7106541619671763,1.7395023899087887,0.8745204350773674,0.8742965823579488
"other/chameleon_t7_10k","none","labels0","Genie_g0.5:M1",1.0,1.0,1.0,1.0,1.9003574784673263,1.0,1.0
"other/chameleon_t7_10k","none","labels0","Genie_g0.7:M1",0.8194653327544352,0.9384592209138227,0.8665339515917757,0.8301822271136617,1.5351889258737754,0.8937087410223511,0.8935715468203498
"other/chameleon_t7_10k","none","labels0","Genie_g1.0:M1",0.0,0.1854929724009461,0.4306889508693555,0.0,0.0,0.0,0.0
"other/chameleon_t7_10k","none","labels0","GIc_A5_TC3:M1",0.5704631765988014,0.8878532830018977,0.6480818178829038,0.5863160992802355,1.6601989602754434,0.8188384080192118,0.818521586273334
"other/chameleon_t7_10k","none","labels0","GIc_A5_TC11:M1",0.5485108297608294,0.8816243026313082,0.6285242823320049,0.5627687211017741,1.5981863451874,0.7885740392530034,0.7882041653545284
"other/chameleon_t7_10k","none","labels0","GIc_A1_TC3:M1",0.7014894953557128,0.9187235530212283,0.7569414242656791,0.7106541619671763,1.7395023899087887,0.8745204350773674,0.8742965823579488
"other/chameleon_t7_10k","none","labels0","GIc_A1_TC11:M1",0.5285617950487544,0.8775558160353945,0.6118826365826392,0.5444874427694436,1.5943835610562689,0.78438810472853,0.7840120262441913
"other/chameleon_t7_10k","none","labels0","GIc_A0_TC3:M1",0.7014894953557128,0.9187235530212283,0.7569414242656791,0.7106541619671763,1.7395023899087887,0.8745204350773674,0.8742965823579488
"other/chameleon_t7_10k","none","labels0","GIc_A0_TC11:M1",0.5285617950487544,0.8775558160353945,0.6118826365826392,0.5444874427694436,1.5943835610562689,0.78438810472853,0.7840120262441913
"other/chameleon_t7_10k","none","labels0","GIc_A0_TC0:M1",0.3598012980051816,0.8321933662698809,0.46401777293511126,0.3691957552691948,1.301540969713479,0.6432848662967149,0.6426596448549935
"other/chameleon_t8_8k","none","labels0","Genie_g0.1:M25",0.7656893522302343,0.9379910517029977,0.8049629043995132,0.7688692705833178,1.630628012232647,0.844237575593633,0.8439778072087535
"other/chameleon_t8_8k","none","labels0","Genie_g0.3:M25",0.7621109739165685,0.934204999987879,0.8017554456687095,0.7623837556905575,1.6066225918326433,0.8457814940079349,0.8455198281080154
"other/chameleon_t8_8k","none","labels0","Genie_g0.5:M25",0.8278726422947463,0.9508175199623354,0.857705843301681,0.8280119733786244,1.6443419193931914,0.8863100835107897,0.8861117422387943
"other/chameleon_t8_8k","none","labels0","Genie_g0.7:M25",0.6116152007389278,0.853905371788223,0.7297412236169688,0.6488589280144517,1.2492864628595601,0.7843478042417396,0.7838957835465565
"other/chameleon_t8_8k","none","labels0","Genie_g1.0:M25",0.5548346928807287,0.8226047698460849,0.6983845373084115,0.6018355246448727,1.0722582231973201,0.7259872978674348,0.7254909133000381
"other/chameleon_t8_8k","none","labels0","GIc_A5_TC3:M25",0.7234080869767094,0.9278124910479643,0.7696269758861625,0.7279735110118044,1.6264653133385814,0.8369645606962189,0.8366943846224656
"other/chameleon_t8_8k","none","labels0","GIc_A5_TC11:M25",0.6390772761575523,0.907274954741751,0.6981902492512485,0.6450716991839186,1.5418884222229408,0.7892094342949354,0.7888620334399916
"other/chameleon_t8_8k","none","labels0","GIc_A1_TC3:M25",0.7493806390743784,0.933590277885188,0.7911029751505831,0.7523627805403856,1.6263718780069665,0.841949429035391,0.8416858819037644
"other/chameleon_t8_8k","none","labels0","GIc_A1_TC11:M25",0.6391271697466887,0.9072880658996844,0.6982331989412013,0.6451224990186444,1.5426978148093304,0.7896228429640642,0.7892761238368379
"other/chameleon_t8_8k","none","labels0","GIc_A0_TC3:M25",0.7291056010716743,0.9270289627868804,0.7737357696848789,0.7306363006113692,1.596115492048093,0.8328595966593848,0.832578549200764
"other/chameleon_t8_8k","none","labels0","GIc_A0_TC11:M25",0.6391271697466887,0.9072880658996844,0.6982331989412013,0.6451224990186444,1.5426978148093304,0.7896228429640642,0.7892761238368379
"other/chameleon_t8_8k","none","labels0","GIc_A0_TC0:M25",0.7096333118239101,0.9250585674400577,0.7584546912020541,0.7156044684613246,1.605980043342873,0.8224710760659257,0.8221783556219737
"other/chameleon_t8_8k","none","labels0","Genie_g0.1:M15",0.7399935180598111,0.9313870229104851,0.7832814467793323,0.7433647537094897,1.6471083841655478,0.8518921616924742,0.8516454168092358
"other/chameleon_t8_8k","none","labels0","Genie_g0.3:M15",0.7146115709996951,0.9218631324174712,0.7617845053743431,0.7152175296752422,1.600386874355434,0.8390586256921134,0.8387866983073173
"other/chameleon_t8_8k","none","labels0","Genie_g0.5:M15",0.9102358984308573,0.975036287007481,0.9253521103268355,0.9104003073390662,1.7779660935984514,0.9456414694749972,0.9455480464029027
"other/chameleon_t8_8k","none","labels0","Genie_g0.7:M15",0.7979538264237295,0.9346841035506962,0.8479354802071614,0.8102408557413803,1.5485470239797188,0.8952744307005386,0.8950751992657212
"other/chameleon_t8_8k","none","labels0","Genie_g1.0:M15",0.00015648550236485795,0.170268530513369,0.4121100771521237,0.00026803413273611334,0.0008068415077390598,0.0008666782588632031,0.0003448564861617071
"other/chameleon_t8_8k","none","labels0","GIc_A5_TC3:M15",0.7446439544197014,0.9324980911144214,0.7871668702551383,0.747853723288387,1.595890982913698,0.8263735481966976,0.8260839186553921
"other/chameleon_t8_8k","none","labels0","GIc_A5_TC11:M15",0.5535291546132718,0.8819281842470053,0.625167483323021,0.5558824894484535,1.4359421028347374,0.7433290091432239,0.7429009922630444
"other/chameleon_t8_8k","none","labels0","GIc_A1_TC3:M15",0.7028138741986555,0.9210112485882032,0.75162444227512,0.7053319203755464,1.563061835602247,0.810951623942306,0.8106356315933053
"other/chameleon_t8_8k","none","labels0","GIc_A1_TC11:M15",0.6621121716417853,0.9103806944208711,0.7171924980922627,0.6646634235721787,1.5440907722083481,0.800100848702022,0.7997671666957572
"other/chameleon_t8_8k","none","labels0","GIc_A0_TC3:M15",0.754840324934679,0.9350336319979995,0.7957251828494749,0.7578389427451959,1.6427690346474255,0.8511365156900443,0.8508880480876692
"other/chameleon_t8_8k","none","labels0","GIc_A0_TC11:M15",0.7552430657566979,0.936215479968592,0.7968454997209645,0.7602051661331369,1.6635953258551701,0.8560884569860951,0.8558499548246444
"other/chameleon_t8_8k","none","labels0","GIc_A0_TC0:M15",0.45841427304857696,0.8605600014558848,0.5432001960876874,0.4625024777998515,1.3343771249682121,0.6830354833880211,0.6825131096794236
"other/chameleon_t8_8k","none","labels0","Genie_g0.1:M9",0.6733601650649376,0.9158636509227951,0.7274819070298187,0.6793019556555054,1.5855944755999052,0.8114308420760669,0.8111201587679544
"other/chameleon_t8_8k","none","labels0","Genie_g0.3:M9",0.6674200060126796,0.9079386046812092,0.7227683490923542,0.667638263793802,1.5259357942750191,0.8036589955564587,0.8033256676631093
"other/chameleon_t8_8k","none","labels0","Genie_g0.5:M9",0.8001211301142093,0.9373822023064644,0.8445983219290361,0.8076548633376188,1.6283028050850894,0.9151160713081384,0.9149610768086833
"other/chameleon_t8_8k","none","labels0","Genie_g0.7:M9",0.7732669949256327,0.9278371769000108,0.8251976646097465,0.7827511074874388,1.5550668888287826,0.884557550108928,0.8843436240000508
"other/chameleon_t8_8k","none","labels0","Genie_g1.0:M9",0.0,0.1697935583310466,0.4120601392164092,0.0,0.0,0.0,0.0
"other/chameleon_t8_8k","none","labels0","GIc_A5_TC3:M9",0.6431048763463749,0.9076066602087385,0.7013783029470148,0.648124601125925,1.556298852997138,0.7976849609806747,0.797351097316495
"other/chameleon_t8_8k","none","labels0","GIc_A5_TC11:M9",0.7427826618037614,0.933809070333202,0.7870699575914532,0.7494871944005234,1.6690724500988776,0.853875984682577,0.853635312540827
"other/chameleon_t8_8k","none","labels0","GIc_A1_TC3:M9",0.6962795318499415,0.9197665763191797,0.746178737769822,0.6993461339553675,1.5801872462673041,0.8180367199486589,0.8177332145356754
"other/chameleon_t8_8k","none","labels0","GIc_A1_TC11:M9",0.6796753543280784,0.9172983325509318,0.7327799507189781,0.6853470878554958,1.5928144558822122,0.815520365962409,0.8152162746037529
"other/chameleon_t8_8k","none","labels0","GIc_A0_TC3:M9",0.7064524565037952,0.9213414858786513,0.7546508577556381,0.7083115002251427,1.5740462551036156,0.8186259180474925,0.8183220019850268
"other/chameleon_t8_8k","none","labels0","GIc_A0_TC11:M9",0.6796753543280784,0.9172983325509318,0.7327799507189781,0.6853470878554958,1.5928144558822122,0.815520365962409,0.8152162746037529
"other/chameleon_t8_8k","none","labels0","GIc_A0_TC0:M9",0.48764762917896387,0.8676763897170144,0.568348235547247,0.49168404336065896,1.36590415032848,0.6996741291238158,0.6991788268880104
"other/chameleon_t8_8k","none","labels0","Genie_g0.1:M5",0.7069144591303896,0.9202373829773671,0.755194908195487,0.7077928983415852,1.6043881750262372,0.8383607480432546,0.8380886088554809
"other/chameleon_t8_8k","none","labels0","Genie_g0.3:M5",0.7138646298974421,0.9218282376169296,0.7611054168503083,0.7145649357241336,1.6043881750262372,0.840286495417192,0.8400169320845277
"other/chameleon_t8_8k","none","labels0","Genie_g0.5:M5",0.771126256609621,0.9287867456846108,0.8199323951421824,0.7775195930661506,1.6254566403281598,0.9051899343786247,0.9050187600818131
"other/chameleon_t8_8k","none","labels0","Genie_g0.7:M5",0.765159153606073,0.9220072527238174,0.8262535558902571,0.7816478827071195,1.5874164600761427,0.912961364162231,0.9127983125079203
"other/chameleon_t8_8k","none","labels0","Genie_g1.0:M5",0.0,0.1697935583310466,0.4120601392164092,0.0,0.0,0.0,0.0
"other/chameleon_t8_8k","none","labels0","GIc_A5_TC3:M5",0.7237117050930589,0.9278540780020343,0.7698615862608589,0.7282138355720842,1.6483244649879583,0.8482055961954328,0.8479540574007146
"other/chameleon_t8_8k","none","labels0","GIc_A5_TC11:M5",0.6804823469851737,0.9167922213685173,0.7331161125240194,0.685040157286158,1.584849988953308,0.8147615013314787,0.8144548440043153
"other/chameleon_t8_8k","none","labels0","GIc_A1_TC3:M5",0.7604442581720546,0.9369453344268859,0.8007413021693572,0.7641964242876982,1.6605905701124748,0.8571073554513897,0.8568698244517386
"other/chameleon_t8_8k","none","labels0","GIc_A1_TC11:M5",0.769273866647715,0.9399466969971454,0.808894040505497,0.774499350394176,1.6798666445846773,0.8638818402261575,0.8636564163434426
"other/chameleon_t8_8k","none","labels0","GIc_A0_TC3:M5",0.7604442581720546,0.9369453344268859,0.8007413021693572,0.7641964242876982,1.6605905701124748,0.8571073554513897,0.8568698244517386
"other/chameleon_t8_8k","none","labels0","GIc_A0_TC11:M5",0.7237117050930589,0.9278540780020343,0.7698615862608589,0.7282138355720842,1.6483244649879583,0.8482055961954328,0.8479540574007146
"other/chameleon_t8_8k","none","labels0","GIc_A0_TC0:M5",0.5039029591330659,0.8712223092088369,0.58239246127483,0.5075751331157556,1.36206332894708,0.699393793582627,0.6988967737868206
"other/chameleon_t8_8k","none","labels0","Genie_g0.1:M3",0.6133949120613503,0.9001477088029578,0.6760131196884954,0.6184659366332066,1.5424518910117024,0.7903418212051444,0.7899959366221101
"other/chameleon_t8_8k","none","labels0","Genie_g0.3:M3",0.6374074574985362,0.8993722042973801,0.697880076598166,0.6375609296979358,1.4942085598965034,0.7876685221481922,0.7873077447907523
"other/chameleon_t8_8k","none","labels0","Genie_g0.5:M3",0.7115248121408347,0.9094608647471044,0.772632987494605,0.7184472159564483,1.5485445934853286,0.8625788254421578,0.8623308099733626
"other/chameleon_t8_8k","none","labels0","Genie_g0.7:M3",0.7651762539181004,0.9220121694080425,0.8262693593495494,0.7816671827190783,1.5874164600761427,0.912989998040043,0.9128269863420662
"other/chameleon_t8_8k","none","labels0","Genie_g1.0:M3",0.0,0.1697935583310466,0.4120601392164092,0.0,0.0,0.0,0.0
"other/chameleon_t8_8k","none","labels0","GIc_A5_TC3:M3",0.8048219610614253,0.9487444546886747,0.8385717359479047,0.8090788377668193,1.7001929365888955,0.8789214546044891,0.8787197856008583
"other/chameleon_t8_8k","none","labels0","GIc_A5_TC11:M3",0.6171482392819212,0.9014451671401195,0.6793101767649337,0.6226739142631299,1.5464997231621487,0.7915949864865893,0.7912515332879624
"other/chameleon_t8_8k","none","labels0","GIc_A1_TC3:M3",0.7690027840091265,0.93907384897264,0.8079134383701501,0.7725640806063396,1.6658182930079721,0.8606092736853634,0.8603773381617318
"other/chameleon_t8_8k","none","labels0","GIc_A1_TC11:M3",0.6171482392819212,0.9014451671401195,0.6793101767649337,0.6226739142631299,1.5464997231621487,0.7915949864865893,0.7912515332879624
"other/chameleon_t8_8k","none","labels0","GIc_A0_TC3:M3",0.7455924050766677,0.9316523872840752,0.7876317981698234,0.7473528117689722,1.629134652915124,0.8497092244412805,0.8494565912728557
"other/chameleon_t8_8k","none","labels0","GIc_A0_TC11:M3",0.6138972005542653,0.9003218413692611,0.6764528317761785,0.6190277378915223,1.5425866968902193,0.7903835974922067,0.7900377923238265
"other/chameleon_t8_8k","none","labels0","GIc_A0_TC0:M3",0.566829942779235,0.8868277966518132,0.6361999378210624,0.5703042828794633,1.419279941122642,0.7310880930078472,0.7306419834915048
"other/chameleon_t8_8k","none","labels0","Genie_g0.1:M1",0.6134320023844994,0.9001707557602626,0.6760477456541364,0.6185200530319624,1.5425751288190939,0.7903653335990277,0.7900195057674532
"other/chameleon_t8_8k","none","labels0","Genie_g0.3:M1",0.637438890111428,0.8993938855090668,0.6978984021828766,0.6375949172135656,1.494331797703895,0.7876925073627321,0.7873317900717112
"other/chameleon_t8_8k","none","labels0","Genie_g0.5:M1",0.711431427865533,0.9094362471823387,0.7725486667112208,0.7183465876239906,1.5485445934853288,0.8625302078596322,0.8622821237875951
"other/chameleon_t8_8k","none","labels0","Genie_g0.7:M1",0.7651762539181004,0.9220121694080425,0.8262693593495494,0.7816671827190783,1.5874164600761427,0.912989998040043,0.9128269863420662
"other/chameleon_t8_8k","none","labels0","Genie_g1.0:M1",0.0,0.1697935583310466,0.4120601392164092,0.0,0.0,0.0,0.0
"other/chameleon_t8_8k","none","labels0","GIc_A5_TC3:M1",0.804777054890774,0.9487367382259326,0.8385387503752132,0.8090437502131855,1.700238393210006,0.8789123666427243,0.878710690343006
"other/chameleon_t8_8k","none","labels0","GIc_A5_TC11:M1",0.6171106370001828,0.901442264930681,0.6792798352560789,0.6226449454781097,1.5465451797832586,0.7915943576707715,0.7912509142810934
"other/chameleon_t8_8k","none","labels0","GIc_A1_TC3:M1",0.7689127125482195,0.9390516556063465,0.8078381721447465,0.7724764705548817,1.665785123394409,0.8605830288276818,0.8603510521229701
"other/chameleon_t8_8k","none","labels0","GIc_A1_TC11:M1",0.6171106370001828,0.901442264930681,0.6792798352560789,0.6226449454781097,1.5465451797832586,0.7915943576707715,0.7912509142810934
"other/chameleon_t8_8k","none","labels0","GIc_A0_TC3:M1",0.7455837500232737,0.9316561430845248,0.7876252896693917,0.7473508619401259,1.6291917442214134,0.8497099210662955,0.8494572979096979
"other/chameleon_t8_8k","none","labels0","GIc_A0_TC11:M1",0.6138249971217105,0.9003069888856646,0.676391835841607,0.618959669396324,1.5425866968902189,0.7903689184033164,0.790023095794634
"other/chameleon_t8_8k","none","labels0","GIc_A0_TC0:M1",0.6367371072912081,0.9074603547094033,0.6965667096472203,0.6439461324825282,1.5131810691099101,0.7713553685480357,0.770980168593829
"other/hdbscan","none","labels0","Genie_g0.1:M25",0.9547063002628405,0.9867229414932657,0.962786221307465,0.9547063359464152,1.6660890439310458,0.9500065622571888,0.9498066012734475
"other/hdbscan","none","labels0","Genie_g0.3:M25",0.9547063002628405,0.9867229414932657,0.962786221307465,0.9547063359464152,1.6660890439310458,0.9500065622571888,0.9498066012734475
"other/hdbscan","none","labels0","Genie_g0.5:M25",0.6997020255178107,0.8939665529174842,0.781340475034782,0.7196299561266293,1.3709886660027626,0.8545725590829498,0.8540640569114064
"other/hdbscan","none","labels0","Genie_g0.7:M25",0.5102697420018523,0.796313735043755,0.6701189968482345,0.5562327681606941,1.092958908761323,0.7459031129923238,0.7451742703788392
"other/hdbscan","none","labels0","Genie_g1.0:M25",0.0,0.1783446618780301,0.42230872815752946,0.0,0.0,0.0,2.0606046102481108e-16
"other/hdbscan","none","labels0","GIc_A5_TC3:M25",0.9547063002628405,0.9867229414932657,0.962786221307465,0.9547063359464152,1.6660890439310458,0.9500065622571888,0.9498066012734475
"other/hdbscan","none","labels0","GIc_A5_TC11:M25",0.9547063002628405,0.9867229414932657,0.962786221307465,0.9547063359464152,1.6660890439310458,0.9500065622571888,0.9498066012734475
"other/hdbscan","none","labels0","GIc_A1_TC3:M25",0.9547063002628405,0.9867229414932657,0.962786221307465,0.9547063359464152,1.6660890439310458,0.9500065622571888,0.9498066012734475
"other/hdbscan","none","labels0","GIc_A1_TC11:M25",0.9547063002628405,0.9867229414932657,0.962786221307465,0.9547063359464152,1.6660890439310458,0.9500065622571888,0.9498066012734475
"other/hdbscan","none","labels0","GIc_A0_TC3:M25",0.9547063002628405,0.9867229414932657,0.962786221307465,0.9547063359464152,1.6660890439310458,0.9500065622571888,0.9498066012734475
"other/hdbscan","none","labels0","GIc_A0_TC11:M25",0.9547063002628405,0.9867229414932657,0.962786221307465,0.9547063359464152,1.6660890439310458,0.9500065622571888,0.9498066012734475
"other/hdbscan","none","labels0","GIc_A0_TC0:M25",0.8250343744256274,0.9482199046436006,0.8566891615305751,0.8251111340212745,1.50175614161143,0.858531083652954,0.8579637514961423
"other/hdbscan","none","labels0","Genie_g0.1:M15",0.8718340614705838,0.961615061141989,0.8956453687099731,0.8722294570702305,1.5929424724480348,0.9188654214129226,0.918536740657168
"other/hdbscan","none","labels0","Genie_g0.3:M15",0.9925715076002678,0.9978229160805564,0.9938963190170639,0.9925715077472883,1.7324566215201833,0.9877844055453956,0.9877355496005411
"other/hdbscan","none","labels0","Genie_g0.5:M15",0.9925715076002678,0.9978229160805564,0.9938963190170639,0.9925715077472883,1.7324566215201833,0.9877844055453956,0.9877355496005411
"other/hdbscan","none","labels0","Genie_g0.7:M15",0.548653467577934,0.814491551047084,0.6979235345837375,0.5950867254536663,1.1692843493705234,0.7941915171371369,0.7936041059315119
"other/hdbscan","none","labels0","Genie_g1.0:M15",0.0,0.1783446618780301,0.42230872815752946,0.0,0.0,0.0,2.0606046102481108e-16
"other/hdbscan","none","labels0","GIc_A5_TC3:M15",0.8718340614705838,0.961615061141989,0.8956453687099731,0.8722294570702305,1.5929424724480348,0.9188654214129226,0.918536740657168
"other/hdbscan","none","labels0","GIc_A5_TC11:M15",0.8718340614705838,0.961615061141989,0.8956453687099731,0.8722294570702305,1.5929424724480348,0.9188654214129226,0.918536740657168
"other/hdbscan","none","labels0","GIc_A1_TC3:M15",0.9925715076002678,0.9978229160805564,0.9938963190170639,0.9925715077472883,1.7324566215201833,0.9877844055453956,0.9877355496005411
"other/hdbscan","none","labels0","GIc_A1_TC11:M15",0.8718340614705838,0.961615061141989,0.8956453687099731,0.8722294570702305,1.5929424724480348,0.9188654214129226,0.918536740657168
"other/hdbscan","none","labels0","GIc_A0_TC3:M15",0.9925715076002678,0.9978229160805564,0.9938963190170639,0.9925715077472883,1.7324566215201833,0.9877844055453956,0.9877355496005411
"other/hdbscan","none","labels0","GIc_A0_TC11:M15",0.8718340614705838,0.961615061141989,0.8956453687099731,0.8722294570702305,1.5929424724480348,0.9188654214129226,0.918536740657168
"other/hdbscan","none","labels0","GIc_A0_TC0:M15",0.7790446728029753,0.9354053450780034,0.8183287803582673,0.7790495392572396,1.4639692350025353,0.8334186422664642,0.8327535122749471
"other/hdbscan","none","labels0","Genie_g0.1:M9",0.9636251833048266,0.9893309903351324,0.9701194816313535,0.9636257811405119,1.687918018927646,0.9626495220935709,0.9625000981095204
"other/hdbscan","none","labels0","Genie_g0.3:M9",0.9636251833048266,0.9893309903351324,0.9701194816313535,0.9636257811405119,1.687918018927646,0.9626495220935709,0.9625000981095204
"other/hdbscan","none","labels0","Genie_g0.5:M9",0.8402891626223822,0.9490132016241875,0.8762922219687536,0.8458201079547336,1.511611908733642,0.9077356620384054,0.9073324744969157
"other/hdbscan","none","labels0","Genie_g0.7:M9",0.44931333135969753,0.7517623497419466,0.6433167058364485,0.5081443942601624,0.9232548678791374,0.6834150424588598,0.6827594251829227
"other/hdbscan","none","labels0","Genie_g1.0:M9",0.0,0.1783446618780301,0.42230872815752946,0.0,0.0,0.0,2.0606046102481108e-16
"other/hdbscan","none","labels0","GIc_A5_TC3:M9",0.9737842849622974,0.9923174474015659,0.9784592288245978,0.9737842915893852,1.7074425971327227,0.973512888555368,0.9734069549156849
"other/hdbscan","none","labels0","GIc_A5_TC11:M9",0.8817841614581062,0.9648358592494533,0.9034209408428401,0.8819733618643146,1.598231026752674,0.91570084620621,0.9153619960009347
"other/hdbscan","none","labels0","GIc_A1_TC3:M9",0.9737842849622974,0.9923174474015659,0.9784592288245978,0.9737842915893852,1.7074425971327227,0.973512888555368,0.9734069549156849
"other/hdbscan","none","labels0","GIc_A1_TC11:M9",0.9737842849622974,0.9923174474015659,0.9784592288245978,0.9737842915893852,1.7074425971327227,0.973512888555368,0.9734069549156849
"other/hdbscan","none","labels0","GIc_A0_TC3:M9",0.9737842849622974,0.9923174474015659,0.9784592288245978,0.9737842915893852,1.7074425971327227,0.973512888555368,0.9734069549156849
"other/hdbscan","none","labels0","GIc_A0_TC11:M9",0.9737842849622974,0.9923174474015659,0.9784592288245978,0.9737842915893852,1.7074425971327227,0.973512888555368,0.9734069549156849
"other/hdbscan","none","labels0","GIc_A0_TC0:M9",0.8829447081373787,0.9658400013355585,0.9037202592617392,0.8829607521568711,1.5796598783847882,0.8991471293900933,0.8987444843345531
"other/hdbscan","none","labels0","Genie_g0.1:M5",0.9737842849622974,0.9923174474015659,0.9784592288245978,0.9737842915893852,1.7074425971327227,0.973512888555368,0.9734069549156849
"other/hdbscan","none","labels0","Genie_g0.3:M5",0.9737842849622974,0.9923174474015659,0.9784592288245978,0.9737842915893852,1.7074425971327227,0.973512888555368,0.9734069549156849
"other/hdbscan","none","labels0","Genie_g0.5:M5",0.9737842849622974,0.9923174474015659,0.9784592288245978,0.9737842915893852,1.7074425971327227,0.973512888555368,0.9734069549156849
"other/hdbscan","none","labels0","Genie_g0.7:M5",0.4571608700539471,0.7558092154768964,0.6491445794449644,0.5164966823626114,0.9434706728132151,0.6979477424686047,0.697322612469452
"other/hdbscan","none","labels0","Genie_g1.0:M5",0.0,0.1783446618780301,0.42230872815752946,0.0,0.0,0.0,2.0606046102481108e-16
"other/hdbscan","none","labels0","GIc_A5_TC3:M5",0.7376976773433663,0.9222674072420656,0.785213094542959,0.7377866738280807,1.4661355788458632,0.8407088934508027,0.8400678255843044
"other/hdbscan","none","labels0","GIc_A5_TC11:M5",0.718033954269197,0.9166951606410928,0.7688746369994989,0.7180796137929513,1.4564890242510733,0.8345375544867117,0.8338721659128606
"other/hdbscan","none","labels0","GIc_A1_TC3:M5",0.9737842849622974,0.9923174474015659,0.9784592288245978,0.9737842915893852,1.7074425971327227,0.973512888555368,0.9734069549156849
"other/hdbscan","none","labels0","GIc_A1_TC11:M5",0.8224407442998574,0.9477308181964891,0.8542994886678138,0.8224566549532314,1.5633129257603986,0.8945538159854514,0.8941303615089676
"other/hdbscan","none","labels0","GIc_A0_TC3:M5",0.9737842849622974,0.9923174474015659,0.9784592288245978,0.9737842915893852,1.7074425971327227,0.973512888555368,0.9734069549156849
"other/hdbscan","none","labels0","GIc_A0_TC11:M5",0.9737842849622974,0.9923174474015659,0.9784592288245978,0.9737842915893852,1.7074425971327227,0.973512888555368,0.9734069549156849
"other/hdbscan","none","labels0","GIc_A0_TC0:M5",0.6735901308637482,0.902687254877107,0.7332286798676559,0.6737815355025276,1.401762975643839,0.8040010893981357,0.8032123365625957
"other/hdbscan","none","labels0","Genie_g0.1:M3",0.9692186550053181,0.9909775607632717,0.9747092704725805,0.9692186713340999,1.7060117839914564,0.9727863736864747,0.9726775238026666
"other/hdbscan","none","labels0","Genie_g0.3:M3",0.7083439177388268,0.8972751516260733,0.7877325923379894,0.728019991022784,1.407715997353906,0.873453645258509,0.8728841155591404
"other/hdbscan","none","labels0","Genie_g0.5:M3",0.7083439177388268,0.8972751516260733,0.7877325923379894,0.728019991022784,1.407715997353906,0.873453645258509,0.8728841155591404
"other/hdbscan","none","labels0","Genie_g0.7:M3",0.3961543826419052,0.7163051281115884,0.6116340699522556,0.45739242136377306,0.8827424086395405,0.6577309190173551,0.6570177948816254
"other/hdbscan","none","labels0","Genie_g1.0:M3",0.0,0.1783446618780301,0.42230872815752946,0.0,0.0,0.0,2.0606046102481108e-16
"other/hdbscan","none","labels0","GIc_A5_TC3:M3",0.7975611971763058,0.940210882204364,0.8340584721637708,0.7976078098457755,1.507958874707726,0.8626262818534227,0.8620749360522468
"other/hdbscan","none","labels0","GIc_A5_TC11:M3",0.9076595271375933,0.9727076159601706,0.9243576537274709,0.9077231731510593,1.6338107130107546,0.9345395107842464,0.9342768253355784
"other/hdbscan","none","labels0","GIc_A1_TC3:M3",0.9692186550053181,0.9909775607632717,0.9747092704725805,0.9692186713340999,1.7060117839914564,0.9727863736864747,0.9726775238026666
"other/hdbscan","none","labels0","GIc_A1_TC11:M3",0.9692186550053181,0.9909775607632717,0.9747092704725805,0.9692186713340999,1.7060117839914564,0.9727863736864747,0.9726775238026666
"other/hdbscan","none","labels0","GIc_A0_TC3:M3",0.7114348030993166,0.8981933480533308,0.7905730296347737,0.7315312885022028,1.4077159973539062,0.8773060319690393,0.8768770963128543
"other/hdbscan","none","labels0","GIc_A0_TC11:M3",0.9692186550053181,0.9909775607632717,0.9747092704725805,0.9692186713340999,1.7060117839914564,0.9727863736864747,0.9726775238026666
"other/hdbscan","none","labels0","GIc_A0_TC0:M3",0.757969592405019,0.9272856444162219,0.8028634773616639,0.7584183816735829,1.438534424818985,0.8336282922478555,0.8329501244636252
"other/hdbscan","none","labels0","Genie_g0.1:M1",0.9679579574265936,0.9906109005064611,0.9736712308677442,0.9679579868930218,1.7025556148755938,0.9706929775173707,0.9705757700293404
"other/hdbscan","none","labels0","Genie_g0.3:M1",0.7083616326557121,0.8973159603561737,0.7876744463842535,0.7279715777902631,1.4046147872477794,0.8719440626488284,0.8713712922821262
"other/hdbscan","none","labels0","Genie_g0.5:M1",0.7108442970115693,0.8980529907543494,0.7899555196449062,0.7307908413514804,1.4046147872477794,0.875155662661063,0.8747193223896598
"other/hdbscan","none","labels0","Genie_g0.7:M1",0.3956521764043301,0.7162408234459757,0.6110421964878147,0.45667063845063577,0.8794200801613868,0.6551146234657227,0.6543962056787609
"other/hdbscan","none","labels0","Genie_g1.0:M1",0.0,0.1783446618780301,0.42230872815752946,0.0,0.0,0.0,2.0606046102481108e-16
"other/hdbscan","none","labels0","GIc_A5_TC3:M1",0.7958956297011756,0.9397199408149751,0.8326918835624006,0.7959419511700226,1.5040845082577077,0.8604058245918885,0.8598455698009853
"other/hdbscan","none","labels0","GIc_A5_TC11:M1",0.9064039429673235,0.9723446655879147,0.9233185174888069,0.9064631654977937,1.630354543894892,0.9324465823427015,0.932175533802046
"other/hdbscan","none","labels0","GIc_A1_TC3:M1",0.9679579574265936,0.9906109005064611,0.9736712308677442,0.9679579868930218,1.7025556148755938,0.9706929775173707,0.9705757700293404
"other/hdbscan","none","labels0","GIc_A1_TC11:M1",0.9679579574265936,0.9906109005064611,0.9736712308677442,0.9679579868930218,1.7025556148755938,0.9706929775173707,0.9705757700293404
"other/hdbscan","none","labels0","GIc_A0_TC3:M1",0.7108442970115693,0.8980529907543494,0.7899555196449062,0.7307908413514804,1.4046147872477794,0.875155662661063,0.8747193223896598
"other/hdbscan","none","labels0","GIc_A0_TC11:M1",0.9679579574265936,0.9906109005064611,0.9736712308677442,0.9679579868930218,1.7025556148755938,0.9706929775173707,0.9705757700293404
"other/hdbscan","none","labels0","GIc_A0_TC0:M1",0.6289389943422233,0.8907896551105824,0.6954825151876542,0.6289501252351113,1.3114785876234758,0.7481458353411513,0.747138101637621
"other/iris","none","labels0","Genie_g0.1:M25",0.5657466140922338,0.7763758389261745,0.7673442541005148,0.5968860898454889,0.6411688201048005,0.7234786973342671,0.7189943136755849
"other/iris","none","labels0","Genie_g0.3:M25",0.5657466140922338,0.7763758389261745,0.7673442541005148,0.5968860898454889,0.6411688201048005,0.7234786973342671,0.7189943136755849
"other/iris","none","labels0","Genie_g0.5:M25",0.5657466140922338,0.7763758389261745,0.7673442541005148,0.5968860898454889,0.6411688201048005,0.7234786973342671,0.7189943136755849
"other/iris","none","labels0","Genie_g0.7:M25",0.5657466140922338,0.7763758389261745,0.7673442541005148,0.5968860898454889,0.6411688201048005,0.7234786973342671,0.7189943136755849
"other/iris","none","labels0","Genie_g1.0:M25",0.5657466140922338,0.7763758389261745,0.7673442541005148,0.5968860898454889,0.6411688201048005,0.7234786973342671,0.7189943136755849
"other/iris","none","labels0","GIc_A5_TC3:M25",0.5074879429369828,0.756331096196868,0.7136825194528263,0.5234177851239213,0.5593021209031902,0.5872048864774029,0.580730995287308
"other/iris","none","labels0","GIc_A5_TC11:M25",0.5074879429369828,0.756331096196868,0.7136825194528263,0.5234177851239213,0.5593021209031902,0.5872048864774029,0.580730995287308
"other/iris","none","labels0","GIc_A1_TC3:M25",0.5657466140922338,0.7763758389261745,0.7673442541005148,0.5968860898454889,0.6411688201048005,0.7234786973342671,0.7189943136755849
"other/iris","none","labels0","GIc_A1_TC11:M25",0.5657466140922338,0.7763758389261745,0.7673442541005148,0.5968860898454889,0.6411688201048005,0.7234786973342671,0.7189943136755849
"other/iris","none","labels0","GIc_A0_TC3:M25",0.5657466140922338,0.7763758389261745,0.7673442541005148,0.5968860898454889,0.6411688201048005,0.7234786973342671,0.7189943136755849
"other/iris","none","labels0","GIc_A0_TC11:M25",0.5657466140922338,0.7763758389261745,0.7673442541005148,0.5968860898454889,0.6411688201048005,0.7234786973342671,0.7189943136755849
"other/iris","none","labels0","GIc_A0_TC0:M25",0.7223514206678999,0.8758836689038031,0.8161176622935248,0.7226730303745069,0.8111469480254362,0.7466478650273668,0.7434373339477509
"other/iris","none","labels0","Genie_g0.1:M15",0.7195837484778037,0.8737360178970918,0.8158740379797479,0.7203666631538425,0.8456214328092313,0.7837403461384022,0.7809784213422091
"other/iris","none","labels0","Genie_g0.3:M15",0.7195837484778037,0.8737360178970918,0.8158740379797479,0.7203666631538425,0.8456214328092313,0.7837403461384022,0.7809784213422091
"other/iris","none","labels0","Genie_g0.5:M15",0.5657466140922338,0.7763758389261745,0.7673442541005148,0.5968860898454889,0.6411688201048005,0.7234786973342671,0.7189943136755849
"other/iris","none","labels0","Genie_g0.7:M15",0.5657466140922338,0.7763758389261745,0.7673442541005148,0.5968860898454889,0.6411688201048005,0.7234786973342671,0.7189943136755849
"other/iris","none","labels0","Genie_g1.0:M15",0.5657466140922338,0.7763758389261745,0.7673442541005148,0.5968860898454889,0.6411688201048005,0.7234786973342671,0.7189943136755849
"other/iris","none","labels0","GIc_A5_TC3:M15",0.5919843660153846,0.8171812080536913,0.730312252235524,0.5923525320680456,0.6819444375111376,0.6296383171178995,0.6249277922983132
"other/iris","none","labels0","GIc_A5_TC11:M15",0.5919843660153846,0.8171812080536913,0.730312252235524,0.5923525320680456,0.6819444375111376,0.6296383171178995,0.6249277922983132
"other/iris","none","labels0","GIc_A1_TC3:M15",0.7029641231475064,0.8663982102908278,0.804661523465339,0.7036486865505823,0.8147766319021027,0.7545111418400888,0.7513788111866845
"other/iris","none","labels0","GIc_A1_TC11:M15",0.7029641231475064,0.8663982102908278,0.804661523465339,0.7036486865505823,0.8147766319021027,0.7545111418400888,0.7513788111866845
"other/iris","none","labels0","GIc_A0_TC3:M15",0.7195837484778037,0.8737360178970918,0.8158740379797479,0.7203666631538425,0.8456214328092313,0.7837403461384022,0.7809784213422091
"other/iris","none","labels0","GIc_A0_TC11:M15",0.7195837484778037,0.8737360178970918,0.8158740379797479,0.7203666631538425,0.8456214328092313,0.7837403461384022,0.7809784213422091
"other/iris","none","labels0","GIc_A0_TC0:M15",0.6891558977694097,0.8604921700223713,0.7950259856412298,0.6896821089265941,0.7872401277274208,0.7272794572797454,0.7238093134806144
"other/iris","none","labels0","Genie_g0.1:M9",0.8026452685653829,0.9123937360178971,0.8683061950066945,0.8027167071488961,0.8882726871788067,0.8125564476804744,0.8101976321608617
"other/iris","none","labels0","Genie_g0.3:M9",0.8026452685653829,0.9123937360178971,0.8683061950066945,0.8027167071488961,0.8882726871788067,0.8125564476804744,0.8101976321608617
"other/iris","none","labels0","Genie_g0.5:M9",0.8026452685653829,0.9123937360178971,0.8683061950066945,0.8027167071488961,0.8882726871788067,0.8125564476804744,0.8101976321608617
"other/iris","none","labels0","Genie_g0.7:M9",0.5657466140922338,0.7763758389261745,0.7673442541005148,0.5968860898454889,0.6411688201048005,0.7234786973342671,0.7189943136755849
"other/iris","none","labels0","Genie_g1.0:M9",0.5657466140922338,0.7763758389261745,0.7673442541005148,0.5968860898454889,0.6411688201048005,0.7234786973342671,0.7189943136755849
"other/iris","none","labels0","GIc_A5_TC3:M9",0.7135907929012357,0.8730201342281879,0.8086087242434336,0.7136293533633614,0.7611540370164918,0.69557199319532,0.6917452569353493
"other/iris","none","labels0","GIc_A5_TC11:M9",0.7135907929012357,0.8730201342281879,0.8086087242434336,0.7136293533633614,0.7611540370164918,0.69557199319532,0.6917452569353493
"other/iris","none","labels0","GIc_A1_TC3:M9",0.7847867197853593,0.9045190156599553,0.85629898660725,0.7848435441387697,0.8567094304946057,0.7833323860332203,0.7806071500546697
"other/iris","none","labels0","GIc_A1_TC11:M9",0.7847867197853593,0.9045190156599553,0.85629898660725,0.7848435441387697,0.8567094304946057,0.7833323860332203,0.7806071500546697
"other/iris","none","labels0","GIc_A0_TC3:M9",0.8026452685653829,0.9123937360178971,0.8683061950066945,0.8027167071488961,0.8882726871788067,0.8125564476804744,0.8101976321608617
"other/iris","none","labels0","GIc_A0_TC11:M9",0.8026452685653829,0.9123937360178971,0.8683061950066945,0.8027167071488961,0.8882726871788067,0.8125564476804744,0.8101976321608617
"other/iris","none","labels0","GIc_A0_TC0:M9",0.8665272006339859,0.9410290827740492,0.9104998572834496,0.8665292147886249,0.9231730914308567,0.8409662136221961,0.8389742074071708
"other/iris","none","labels0","Genie_g0.1:M5",0.8856970310281228,0.9495302013422818,0.9233071803662838,0.8856972262956765,0.9491743065205337,0.8641855068202219,0.8624853568628782
"other/iris","none","labels0","Genie_g0.3:M5",0.8856970310281228,0.9495302013422818,0.9233071803662838,0.8856972262956765,0.9491743065205337,0.8641855068202219,0.8624853568628782
"other/iris","none","labels0","Genie_g0.5:M5",0.5657466140922338,0.7763758389261745,0.7673442541005148,0.5968860898454889,0.6411688201048005,0.7234786973342671,0.7189943136755849
"other/iris","none","labels0","Genie_g0.7:M5",0.5657466140922338,0.7763758389261745,0.7673442541005148,0.5968860898454889,0.6411688201048005,0.7234786973342671,0.7189943136755849
"other/iris","none","labels0","Genie_g1.0:M5",0.5657466140922338,0.7763758389261745,0.7673442541005148,0.5968860898454889,0.6411688201048005,0.7234786973342671,0.7189943136755849
"other/iris","none","labels0","GIc_A5_TC3:M5",0.8305458517953881,0.9251006711409396,0.8864190137644412,0.8305499705117539,0.8731973261164563,0.7957516445464402,0.7931921672887381
"other/iris","none","labels0","GIc_A5_TC11:M5",0.8305458517953881,0.9251006711409396,0.8864190137644412,0.8305499705117539,0.8731973261164563,0.7957516445464402,0.7931921672887381
"other/iris","none","labels0","GIc_A1_TC3:M5",0.8668769046871112,0.9412080536912751,0.9106977073224627,0.8668774896269348,0.9166480534994585,0.8347267982913255,0.8326574493731025
"other/iris","none","labels0","GIc_A1_TC11:M5",0.8668769046871112,0.9412080536912751,0.9106977073224627,0.8668774896269348,0.9166480534994585,0.8347267982913255,0.8326574493731025
"other/iris","none","labels0","GIc_A0_TC3:M5",0.8856970310281228,0.9495302013422818,0.9233071803662838,0.8856972262956765,0.9491743065205337,0.8641855068202219,0.8624853568628782
"other/iris","none","labels0","GIc_A0_TC11:M5",0.8856970310281228,0.9495302013422818,0.9233071803662838,0.8856972262956765,0.9491743065205337,0.8641855068202219,0.8624853568628782
"other/iris","none","labels0","GIc_A0_TC0:M5",0.5375571834277612,0.7851454138702461,0.7069248104917482,0.5412496354311964,0.6460854231882512,0.6177742947633933,0.6127125451547051
"other/iris","none","labels0","Genie_g0.1:M3",0.8857921001989628,0.9495302013422818,0.9234341632720613,0.8857952171439673,0.9554359783766859,0.8705214181790613,0.8688992655389338
"other/iris","none","labels0","Genie_g0.3:M3",0.8857921001989628,0.9495302013422818,0.9234341632720613,0.8857952171439673,0.9554359783766859,0.8705214181790613,0.8688992655389338
"other/iris","none","labels0","Genie_g0.5:M3",0.5609099839129877,0.7777181208053692,0.7567359993078073,0.5857098415612234,0.6555538095280656,0.709823652997113,0.7049620103692976
"other/iris","none","labels0","Genie_g0.7:M3",0.5609099839129877,0.7777181208053692,0.7567359993078073,0.5857098415612234,0.6555538095280656,0.709823652997113,0.7049620103692976
"other/iris","none","labels0","Genie_g1.0:M3",0.5609099839129877,0.7777181208053692,0.7567359993078073,0.5857098415612234,0.6555538095280656,0.709823652997113,0.7049620103692976
"other/iris","none","labels0","GIc_A5_TC3:M3",0.8857921001989628,0.9495302013422818,0.9234341632720613,0.8857952171439673,0.9554359783766859,0.8705214181790613,0.8688992655389338
"other/iris","none","labels0","GIc_A5_TC11:M3",0.8857921001989628,0.9495302013422818,0.9234341632720613,0.8857952171439673,0.9554359783766859,0.8705214181790613,0.8688992655389338
"other/iris","none","labels0","GIc_A1_TC3:M3",0.8857921001989628,0.9495302013422818,0.9234341632720613,0.8857952171439673,0.9554359783766859,0.8705214181790613,0.8688992655389338
"other/iris","none","labels0","GIc_A1_TC11:M3",0.8857921001989628,0.9495302013422818,0.9234341632720613,0.8857952171439673,0.9554359783766859,0.8705214181790613,0.8688992655389338
"other/iris","none","labels0","GIc_A0_TC3:M3",0.8857921001989628,0.9495302013422818,0.9234341632720613,0.8857952171439673,0.9554359783766859,0.8705214181790613,0.8688992655389338
"other/iris","none","labels0","GIc_A0_TC11:M3",0.8857921001989628,0.9495302013422818,0.9234341632720613,0.8857952171439673,0.9554359783766859,0.8705214181790613,0.8688992655389338
"other/iris","none","labels0","GIc_A0_TC0:M3",0.6179321475651798,0.825413870246085,0.7532562797945135,0.6199200767004293,0.7331304955720541,0.6890698158163212,0.6850347440812723
"other/iris","none","labels0","Genie_g0.1:M1",0.8857921001989628,0.9495302013422818,0.9234341632720613,0.8857952171439673,0.9554359783766859,0.8705214181790613,0.8688992655389338
"other/iris","none","labels0","Genie_g0.3:M1",0.8857921001989628,0.9495302013422818,0.9234341632720613,0.8857952171439673,0.9554359783766859,0.8705214181790613,0.8688992655389338
"other/iris","none","labels0","Genie_g0.5:M1",0.560078733112642,0.7785234899328859,0.7537945541461316,0.5830129187840246,0.6604966727282452,0.7073706024930038,0.7026062463658048
"other/iris","none","labels0","Genie_g0.7:M1",0.5609099839129877,0.7777181208053692,0.7567359993078073,0.5857098415612234,0.6555538095280656,0.709823652997113,0.7049620103692976
"other/iris","none","labels0","Genie_g1.0:M1",0.5637510205230709,0.7766442953020134,0.7635170681000877,0.5926467674257221,0.6458921945699099,0.7174643320814482,0.7125764811325079
"other/iris","none","labels0","GIc_A5_TC3:M1",0.6719041797903136,0.8515436241610739,0.7857143286181927,0.6730295627135602,0.7922310178155413,0.7376932684470128,0.73432536967173
"other/iris","none","labels0","GIc_A5_TC11:M1",0.8857921001989628,0.9495302013422818,0.9234341632720613,0.8857952171439673,0.9554359783766859,0.8705214181790613,0.8688992655389338
"other/iris","none","labels0","GIc_A1_TC3:M1",0.8857921001989628,0.9495302013422818,0.9234341632720613,0.8857952171439673,0.9554359783766859,0.8705214181790613,0.8688992655389338
"other/iris","none","labels0","GIc_A1_TC11:M1",0.8857921001989628,0.9495302013422818,0.9234341632720613,0.8857952171439673,0.9554359783766859,0.8705214181790613,0.8688992655389338
"other/iris","none","labels0","GIc_A0_TC3:M1",0.8857921001989628,0.9495302013422818,0.9234341632720613,0.8857952171439673,0.9554359783766859,0.8705214181790613,0.8688992655389338
"other/iris","none","labels0","GIc_A0_TC11:M1",0.8857921001989628,0.9495302013422818,0.9234341632720613,0.8857952171439673,0.9554359783766859,0.8705214181790613,0.8688992655389338
"other/iris","none","labels0","GIc_A0_TC0:M1",0.6505846854720392,0.8408053691275168,0.773662230133269,0.652343980185767,0.7760533612977308,0.7272854689261056,0.7237582665019922
"other/iris5","none","labels0","Genie_g0.1:M25",0.15049581666331396,0.541025641025641,0.7029573945381026,0.176320876344821,0.19144408195771734,0.3561496881170887,0.33319080480545316
"other/iris5","none","labels0","Genie_g0.3:M25",0.15049581666331396,0.541025641025641,0.7029573945381026,0.176320876344821,0.19144408195771734,0.3561496881170887,0.33319080480545316
"other/iris5","none","labels0","Genie_g0.5:M25",0.15049581666331396,0.541025641025641,0.7029573945381026,0.176320876344821,0.19144408195771734,0.3561496881170887,0.33319080480545316
"other/iris5","none","labels0","Genie_g0.7:M25",0.15049581666331396,0.541025641025641,0.7029573945381026,0.176320876344821,0.19144408195771734,0.3561496881170887,0.33319080480545316
"other/iris5","none","labels0","Genie_g1.0:M25",0.15049581666331396,0.541025641025641,0.7029573945381026,0.176320876344821,0.19144408195771734,0.3561496881170887,0.33319080480545316
"other/iris5","none","labels0","GIc_A5_TC3:M25",0.18803809890784737,0.5928571428571429,0.5793706358984975,0.1888361876786975,0.18640507532012496,0.2321292838443823,0.21264091368940186
"other/iris5","none","labels0","GIc_A5_TC11:M25",0.18803809890784737,0.5928571428571429,0.5793706358984975,0.1888361876786975,0.18640507532012496,0.2321292838443823,0.21264091368940186
"other/iris5","none","labels0","GIc_A1_TC3:M25",0.15049581666331396,0.541025641025641,0.7029573945381026,0.176320876344821,0.19144408195771734,0.3561496881170887,0.33319080480545316
"other/iris5","none","labels0","GIc_A1_TC11:M25",0.15049581666331396,0.541025641025641,0.7029573945381026,0.176320876344821,0.19144408195771734,0.3561496881170887,0.33319080480545316
"other/iris5","none","labels0","GIc_A0_TC3:M25",0.15049581666331396,0.541025641025641,0.7029573945381026,0.176320876344821,0.19144408195771734,0.3561496881170887,0.33319080480545316
"other/iris5","none","labels0","GIc_A0_TC11:M25",0.15049581666331396,0.541025641025641,0.7029573945381026,0.176320876344821,0.19144408195771734,0.3561496881170887,0.33319080480545316
"other/iris5","none","labels0","GIc_A0_TC0:M25",0.2742430437673725,0.6463369963369964,0.5724821730606412,0.2763974233024695,0.31983200116532085,0.34113483251400983,0.3258903031195269
"other/iris5","none","labels0","Genie_g0.1:M15",0.31103962072468677,0.656043956043956,0.6358220299310527,0.3116170971015797,0.3391932761080041,0.4060350245998194,0.39128154199788845
"other/iris5","none","labels0","Genie_g0.3:M15",0.31103962072468677,0.656043956043956,0.6358220299310527,0.3116170971015797,0.3391932761080041,0.4060350245998194,0.39128154199788845
"other/iris5","none","labels0","Genie_g0.5:M15",0.4835056978853665,0.7415750915750916,0.7302474368129378,0.4849298729653152,0.4901687455497439,0.5952232761982469,0.5850881012205474
"other/iris5","none","labels0","Genie_g0.7:M15",0.14846140003599048,0.5428571428571428,0.6905482710606584,0.1703923858067584,0.20484126235071295,0.3605094280785569,0.33873685782360463
"other/iris5","none","labels0","Genie_g1.0:M15",0.14846140003599048,0.5428571428571428,0.6905482710606584,0.1703923858067584,0.20484126235071295,0.3605094280785569,0.33873685782360463
"other/iris5","none","labels0","GIc_A5_TC3:M15",0.38987671300162097,0.7,0.6543627917972378,0.3904200236689138,0.4094296652818671,0.45194490435663764,0.4388712668501778
"other/iris5","none","labels0","GIc_A5_TC11:M15",0.38987671300162097,0.7,0.6543627917972378,0.3904200236689138,0.4094296652818671,0.45194490435663764,0.4388712668501778
"other/iris5","none","labels0","GIc_A1_TC3:M15",0.45478161448927573,0.7283882783882785,0.708978197752278,0.45525141273855224,0.455957736864534,0.5387118550654433,0.5273268863209699
"other/iris5","none","labels0","GIc_A1_TC11:M15",0.45478161448927573,0.7283882783882785,0.708978197752278,0.45525141273855224,0.455957736864534,0.5387118550654433,0.5273268863209699
"other/iris5","none","labels0","GIc_A0_TC3:M15",0.31103962072468677,0.656043956043956,0.6358220299310527,0.3116170971015797,0.3391932761080041,0.4060350245998194,0.39128154199788845
"other/iris5","none","labels0","GIc_A0_TC11:M15",0.31103962072468677,0.656043956043956,0.6358220299310527,0.3116170971015797,0.3391932761080041,0.4060350245998194,0.39128154199788845
"other/iris5","none","labels0","GIc_A0_TC0:M15",0.2874265011102916,0.6441391941391941,0.6238897491388363,0.2880020092127327,0.2734962171685982,0.3257887131522367,0.3089869233783106
"other/iris5","none","labels0","Genie_g0.1:M9",0.41504542721081794,0.7102564102564103,0.6792396423199235,0.4150476676012542,0.39518669120498606,0.4479423600064818,0.43442302694828294
"other/iris5","none","labels0","Genie_g0.3:M9",0.41504542721081794,0.7102564102564103,0.6792396423199235,0.4150476676012542,0.39518669120498606,0.4479423600064818,0.43442302694828294
"other/iris5","none","labels0","Genie_g0.5:M9",0.41504542721081794,0.7102564102564103,0.6792396423199235,0.4150476676012542,0.39518669120498606,0.4479423600064818,0.43442302694828294
"other/iris5","none","labels0","Genie_g0.7:M9",0.14846140003599048,0.5428571428571428,0.6905482710606584,0.1703923858067584,0.20484126235071295,0.3605094280785569,0.33873685782360463
"other/iris5","none","labels0","Genie_g1.0:M9",0.14846140003599048,0.5428571428571428,0.6905482710606584,0.1703923858067584,0.20484126235071295,0.3605094280785569,0.33873685782360463
"other/iris5","none","labels0","GIc_A5_TC3:M9",0.510607410340163,0.7611721611721611,0.7146974239009497,0.5138860856419597,0.4596473133239386,0.49336868564582687,0.48159400826064525
"other/iris5","none","labels0","GIc_A5_TC11:M9",0.510607410340163,0.7611721611721611,0.7146974239009497,0.5138860856419597,0.4596473133239386,0.49336868564582687,0.48159400826064525
"other/iris5","none","labels0","GIc_A1_TC3:M9",0.6064452608495767,0.8053113553113553,0.7829369591059073,0.6064573883176715,0.5148195134750737,0.5948381779762278,0.5851085197891263
"other/iris5","none","labels0","GIc_A1_TC11:M9",0.6064452608495767,0.8053113553113553,0.7829369591059073,0.6064573883176715,0.5148195134750737,0.5948381779762278,0.5851085197891263
"other/iris5","none","labels0","GIc_A0_TC3:M9",0.41504542721081794,0.7102564102564103,0.6792396423199235,0.4150476676012542,0.39518669120498606,0.4479423600064818,0.43442302694828294
"other/iris5","none","labels0","GIc_A0_TC11:M9",0.41504542721081794,0.7102564102564103,0.6792396423199235,0.4150476676012542,0.39518669120498606,0.4479423600064818,0.43442302694828294
"other/iris5","none","labels0","GIc_A0_TC0:M9",0.41286442456236,0.7139194139194139,0.6548775439952071,0.41615615056058314,0.44010182295230427,0.4678852720181546,0.45555874526821266
"other/iris5","none","labels0","Genie_g0.1:M5",0.6371467953135769,0.8219780219780219,0.7930701674549764,0.6387173396105478,0.5540440166492285,0.610621995749742,0.6014450367512887
"other/iris5","none","labels0","Genie_g0.3:M5",0.6371467953135769,0.8219780219780219,0.7930701674549764,0.6387173396105478,0.5540440166492285,0.610621995749742,0.6014450367512887
"other/iris5","none","labels0","Genie_g0.5:M5",0.6425484232431568,0.8247252747252747,0.7957729022029942,0.6443371351426787,0.5501254540122293,0.6034804031795176,0.5941365200812759
"other/iris5","none","labels0","Genie_g0.7:M5",0.15049581666331396,0.541025641025641,0.7029573945381026,0.176320876344821,0.19144408195771734,0.3561496881170887,0.33319080480545316
"other/iris5","none","labels0","Genie_g1.0:M5",0.15049581666331396,0.541025641025641,0.7029573945381026,0.176320876344821,0.19144408195771734,0.3561496881170887,0.33319080480545316
"other/iris5","none","labels0","GIc_A5_TC3:M5",0.8038504874344781,0.9032967032967033,0.8903511903169655,0.8042689927115946,0.6462736258687705,0.7348704241489388,0.7285700352567636
"other/iris5","none","labels0","GIc_A5_TC11:M5",0.8038504874344781,0.9032967032967033,0.8903511903169655,0.8042689927115946,0.6462736258687705,0.7348704241489388,0.7285700352567636
"other/iris5","none","labels0","GIc_A1_TC3:M5",0.6371467953135769,0.8219780219780219,0.7930701674549764,0.6387173396105478,0.5540440166492285,0.610621995749742,0.6014450367512887
"other/iris5","none","labels0","GIc_A1_TC11:M5",0.6371467953135769,0.8219780219780219,0.7930701674549764,0.6387173396105478,0.5540440166492285,0.610621995749742,0.6014450367512887
"other/iris5","none","labels0","GIc_A0_TC3:M5",0.8579720040969614,0.9296703296703297,0.9220149264812406,0.857972519667541,0.6960570811956156,0.8177331585321077,0.8133528444031725
"other/iris5","none","labels0","GIc_A0_TC11:M5",0.8579720040969614,0.9296703296703297,0.9220149264812406,0.857972519667541,0.6960570811956156,0.8177331585321077,0.8133528444031725
"other/iris5","none","labels0","GIc_A0_TC0:M5",0.33957022169303164,0.6717948717948719,0.6433027536710969,0.339699916479131,0.35370903188748815,0.4036821430846331,0.3888480486727719
"other/iris5","none","labels0","Genie_g0.1:M3",0.5211198955777507,0.7666666666666666,0.7193798465501385,0.5252747314183124,0.514692874183599,0.546581553802412,0.5360717998125765
"other/iris5","none","labels0","Genie_g0.3:M3",0.5211198955777507,0.7666666666666666,0.7193798465501385,0.5252747314183124,0.514692874183599,0.546581553802412,0.5360717998125765
"other/iris5","none","labels0","Genie_g0.5:M3",0.7234449291701387,0.8637362637362638,0.844932683488963,0.7239346564849395,0.5890406561359474,0.665332425173873,0.6573746398668899
"other/iris5","none","labels0","Genie_g0.7:M3",0.14714537963507943,0.545054945054945,0.6783622879494253,0.1656730812109521,0.21864356943379284,0.3635047168877317,0.34274315840354125
"other/iris5","none","labels0","Genie_g1.0:M3",0.14714537963507943,0.545054945054945,0.6783622879494253,0.1656730812109521,0.21864356943379284,0.3635047168877317,0.34274315840354125
"other/iris5","none","labels0","GIc_A5_TC3:M3",0.7914879095163807,0.8967032967032967,0.8857420925974709,0.7914954976775519,0.6470466677889644,0.7611787049384806,0.7554293349992189
"other/iris5","none","labels0","GIc_A5_TC11:M3",0.7914879095163807,0.8967032967032967,0.8857420925974709,0.7914954976775519,0.6470466677889644,0.7611787049384806,0.7554293349992189
"other/iris5","none","labels0","GIc_A1_TC3:M3",0.7914879095163807,0.8967032967032967,0.8857420925974709,0.7914954976775519,0.6470466677889644,0.7611787049384806,0.7554293349992189
"other/iris5","none","labels0","GIc_A1_TC11:M3",0.7914879095163807,0.8967032967032967,0.8857420925974709,0.7914954976775519,0.6470466677889644,0.7611787049384806,0.7554293349992189
"other/iris5","none","labels0","GIc_A0_TC3:M3",0.7914879095163807,0.8967032967032967,0.8857420925974709,0.7914954976775519,0.6470466677889644,0.7611787049384806,0.7554293349992189
"other/iris5","none","labels0","GIc_A0_TC11:M3",0.7914879095163807,0.8967032967032967,0.8857420925974709,0.7914954976775519,0.6470466677889644,0.7611787049384806,0.7554293349992189
"other/iris5","none","labels0","GIc_A0_TC0:M3",0.22191365295048707,0.6210622710622711,0.5401508037606485,0.2237981624743244,0.34248921961698986,0.3628075563525311,0.3480579980016327
"other/iris5","none","labels0","Genie_g0.1:M1",0.5937734650262808,0.8018315018315019,0.7635419815965391,0.5977953680606946,0.5486198148713204,0.5862345714633291,0.5766132883195575
"other/iris5","none","labels0","Genie_g0.3:M1",0.5937734650262808,0.8018315018315019,0.7635419815965391,0.5977953680606946,0.5486198148713204,0.5862345714633291,0.5766132883195575
"other/iris5","none","labels0","Genie_g0.5:M1",0.7914879095163807,0.8967032967032967,0.8857420925974709,0.7914954976775519,0.6470466677889644,0.7611787049384806,0.7554293349992189
"other/iris5","none","labels0","Genie_g0.7:M1",0.14760147601476012,0.5467032967032966,0.6728662576873315,0.16472153622203617,0.22570480257690625,0.3663769952506378,0.3460966889492744
"other/iris5","none","labels0","Genie_g1.0:M1",0.14846140003599048,0.5428571428571428,0.6905482710606584,0.1703923858067584,0.20484126235071295,0.3605094280785569,0.33873685782360463
"other/iris5","none","labels0","GIc_A5_TC3:M1",0.2533820144718759,0.636996336996337,0.5558355968459844,0.2560263633104934,0.36087142020549345,0.3802022001195257,0.36594575853291406
"other/iris5","none","labels0","GIc_A5_TC11:M1",0.2533820144718759,0.636996336996337,0.5558355968459844,0.2560263633104934,0.36087142020549345,0.3802022001195257,0.36594575853291406
"other/iris5","none","labels0","GIc_A1_TC3:M1",0.7914879095163807,0.8967032967032967,0.8857420925974709,0.7914954976775519,0.6470466677889644,0.7611787049384806,0.7554293349992189
"other/iris5","none","labels0","GIc_A1_TC11:M1",0.7914879095163807,0.8967032967032967,0.8857420925974709,0.7914954976775519,0.6470466677889644,0.7611787049384806,0.7554293349992189
"other/iris5","none","labels0","GIc_A0_TC3:M1",0.7914879095163807,0.8967032967032967,0.8857420925974709,0.7914954976775519,0.6470466677889644,0.7611787049384806,0.7554293349992189
"other/iris5","none","labels0","GIc_A0_TC11:M1",0.7914879095163807,0.8967032967032967,0.8857420925974709,0.7914954976775519,0.6470466677889644,0.7611787049384806,0.7554293349992189
"other/iris5","none","labels0","GIc_A0_TC0:M1",0.5026335590669676,0.7578754578754578,0.7074570230903287,0.5071301597774326,0.44935626846858057,0.47636883053321577,0.4642798414485441
"other/square","none","labels0","Genie_g0.1:M25",0.2434726074624006,0.6216396396396395,0.6686552002508911,0.24708315997966507,0.21247765388578393,0.339377144429084,0.33884797625679336
"other/square","none","labels0","Genie_g0.3:M25",0.2434726074624006,0.6216396396396395,0.6686552002508911,0.24708315997966507,0.21247765388578393,0.339377144429084,0.33884797625679336
"other/square","none","labels0","Genie_g0.5:M25",0.2434726074624006,0.6216396396396395,0.6686552002508911,0.24708315997966507,0.21247765388578393,0.339377144429084,0.33884797625679336
"other/square","none","labels0","Genie_g0.7:M25",0.2434726074624006,0.6216396396396395,0.6686552002508911,0.24708315997966507,0.21247765388578393,0.339377144429084,0.33884797625679336
"other/square","none","labels0","Genie_g1.0:M25",0.2434726074624006,0.6216396396396395,0.6686552002508911,0.24708315997966507,0.21247765388578393,0.339377144429084,0.33884797625679336
"other/square","none","labels0","GIc_A5_TC3:M25",0.5412688133554954,0.7706186186186186,0.7785790765519393,0.5419067420329181,0.3692829864516283,0.5466688820506966,0.5463325329734372
"other/square","none","labels0","GIc_A5_TC11:M25",0.5412688133554954,0.7706186186186186,0.7785790765519393,0.5419067420329181,0.3692829864516283,0.5466688820506966,0.5463325329734372
"other/square","none","labels0","GIc_A1_TC3:M25",0.9920080001281283,0.996004004004004,0.9960000320958706,0.9920080001918073,0.680100264046913,0.9811829404539049,0.9811693365110501
"other/square","none","labels0","GIc_A1_TC11:M25",0.9920080001281283,0.996004004004004,0.9960000320958706,0.9920080001918073,0.680100264046913,0.9811829404539049,0.9811693365110501
"other/square","none","labels0","GIc_A0_TC3:M25",0.2434726074624006,0.6216396396396395,0.6686552002508911,0.24708315997966507,0.21247765388578393,0.339377144429084,0.33884797625679336
"other/square","none","labels0","GIc_A0_TC11:M25",0.2434726074624006,0.6216396396396395,0.6686552002508911,0.24708315997966507,0.21247765388578393,0.339377144429084,0.33884797625679336
"other/square","none","labels0","GIc_A0_TC0:M25",0.988024012072048,0.9940120120120121,0.99400602403802,0.988024012076012,0.6728926566358251,0.9707802993199621,0.970759174796971
"other/square","none","labels0","Genie_g0.1:M15",1.0,1.0,1.0,1.0,0.6931471805599453,1.0,1.0
"other/square","none","labels0","Genie_g0.3:M15",1.0,1.0,1.0,1.0,0.6931471805599453,1.0,1.0
"other/square","none","labels0","Genie_g0.5:M15",1.0,1.0,1.0,1.0,0.6931471805599453,1.0,1.0
"other/square","none","labels0","Genie_g0.7:M15",1.0,1.0,1.0,1.0,0.6931471805599453,1.0,1.0
"other/square","none","labels0","Genie_g1.0:M15",1.0,1.0,1.0,1.0,0.6931471805599453,1.0,1.0
"other/square","none","labels0","GIc_A5_TC3:M15",1.0,1.0,1.0,1.0,0.6931471805599453,1.0,1.0
"other/square","none","labels0","GIc_A5_TC11:M15",1.0,1.0,1.0,1.0,0.6931471805599453,1.0,1.0
"other/square","none","labels0","GIc_A1_TC3:M15",1.0,1.0,1.0,1.0,0.6931471805599453,1.0,1.0
"other/square","none","labels0","GIc_A1_TC11:M15",1.0,1.0,1.0,1.0,0.6931471805599453,1.0,1.0
"other/square","none","labels0","GIc_A0_TC3:M15",1.0,1.0,1.0,1.0,0.6931471805599453,1.0,1.0
"other/square","none","labels0","GIc_A0_TC11:M15",1.0,1.0,1.0,1.0,0.6931471805599453,1.0,1.0
"other/square","none","labels0","GIc_A0_TC0:M15",0.995999996008016,0.998,0.997998000006012,0.995999996012012,0.685931573127524,0.989591506619955,0.9895839817496589
"other/square","none","labels0","Genie_g0.1:M9",1.0,1.0,1.0,1.0,0.6931471805599453,1.0,1.0
"other/square","none","labels0","Genie_g0.3:M9",1.0,1.0,1.0,1.0,0.6931471805599453,1.0,1.0
"other/square","none","labels0","Genie_g0.5:M9",1.0,1.0,1.0,1.0,0.6931471805599453,1.0,1.0
"other/square","none","labels0","Genie_g0.7:M9",1.0,1.0,1.0,1.0,0.6931471805599453,1.0,1.0
"other/square","none","labels0","Genie_g1.0:M9",1.0,1.0,1.0,1.0,0.6931471805599453,1.0,1.0
"other/square","none","labels0","GIc_A5_TC3:M9",1.0,1.0,1.0,1.0,0.6931471805599453,1.0,1.0
"other/square","none","labels0","GIc_A5_TC11:M9",0.995999996008016,0.998,0.997998000006012,0.995999996012012,0.685931573127524,0.989591506619955,0.9895839817496589
"other/square","none","labels0","GIc_A1_TC3:M9",1.0,1.0,1.0,1.0,0.6931471805599453,1.0,1.0
"other/square","none","labels0","GIc_A1_TC11:M9",1.0,1.0,1.0,1.0,0.6931471805599453,1.0,1.0
"other/square","none","labels0","GIc_A0_TC3:M9",1.0,1.0,1.0,1.0,0.6931471805599453,1.0,1.0
"other/square","none","labels0","GIc_A0_TC11:M9",1.0,1.0,1.0,1.0,0.6931471805599453,1.0,1.0
"other/square","none","labels0","GIc_A0_TC0:M9",0.3863575107148688,0.6931351351351351,0.7149447659955678,0.3882139434330729,0.2883601798889028,0.4392233959157543,0.43879520314944737
"other/square","none","labels0","Genie_g0.1:M5",1.0,1.0,1.0,1.0,0.6931471805599453,1.0,1.0
"other/square","none","labels0","Genie_g0.3:M5",1.0,1.0,1.0,1.0,0.6931471805599453,1.0,1.0
"other/square","none","labels0","Genie_g0.5:M5",1.0,1.0,1.0,1.0,0.6931471805599453,1.0,1.0
"other/square","none","labels0","Genie_g0.7:M5",1.0,1.0,1.0,1.0,0.6931471805599453,1.0,1.0
"other/square","none","labels0","Genie_g1.0:M5",1.0,1.0,1.0,1.0,0.6931471805599453,1.0,1.0
"other/square","none","labels0","GIc_A5_TC3:M5",1.0,1.0,1.0,1.0,0.6931471805599453,1.0,1.0
"other/square","none","labels0","GIc_A5_TC11:M5",1.0,1.0,1.0,1.0,0.6931471805599453,1.0,1.0
"other/square","none","labels0","GIc_A1_TC3:M5",1.0,1.0,1.0,1.0,0.6931471805599453,1.0,1.0
"other/square","none","labels0","GIc_A1_TC11:M5",1.0,1.0,1.0,1.0,0.6931471805599453,1.0,1.0
"other/square","none","labels0","GIc_A0_TC3:M5",1.0,1.0,1.0,1.0,0.6931471805599453,1.0,1.0
"other/square","none","labels0","GIc_A0_TC11:M5",1.0,1.0,1.0,1.0,0.6931471805599453,1.0,1.0
"other/square","none","labels0","GIc_A0_TC0:M5",0.9525285083602998,0.9762642642642643,0.9762473760641864,0.9525285875815787,0.6362479015482692,0.9181024446799153,0.918043224153102
"other/square","none","labels0","Genie_g0.1:M3",1.0,1.0,1.0,1.0,0.6931471805599453,1.0,1.0
"other/square","none","labels0","Genie_g0.3:M3",1.0,1.0,1.0,1.0,0.6931471805599453,1.0,1.0
"other/square","none","labels0","Genie_g0.5:M3",1.0,1.0,1.0,1.0,0.6931471805599453,1.0,1.0
"other/square","none","labels0","Genie_g0.7:M3",1.0,1.0,1.0,1.0,0.6931471805599453,1.0,1.0
"other/square","none","labels0","Genie_g1.0:M3",1.0,1.0,1.0,1.0,0.6931471805599453,1.0,1.0
"other/square","none","labels0","GIc_A5_TC3:M3",1.0,1.0,1.0,1.0,0.6931471805599453,1.0,1.0
"other/square","none","labels0","GIc_A5_TC11:M3",1.0,1.0,1.0,1.0,0.6931471805599453,1.0,1.0
"other/square","none","labels0","GIc_A1_TC3:M3",1.0,1.0,1.0,1.0,0.6931471805599453,1.0,1.0
"other/square","none","labels0","GIc_A1_TC11:M3",1.0,1.0,1.0,1.0,0.6931471805599453,1.0,1.0
"other/square","none","labels0","GIc_A0_TC3:M3",1.0,1.0,1.0,1.0,0.6931471805599453,1.0,1.0
"other/square","none","labels0","GIc_A0_TC11:M3",1.0,1.0,1.0,1.0,0.6931471805599453,1.0,1.0
"other/square","none","labels0","GIc_A0_TC0:M3",0.9920080001281283,0.996004004004004,0.9960000320958706,0.9920080001918073,0.680100264046913,0.9811829404539049,0.9811693365110501
"other/square","none","labels0","Genie_g0.1:M1",1.0,1.0,1.0,1.0,0.6931471805599453,1.0,1.0
"other/square","none","labels0","Genie_g0.3:M1",1.0,1.0,1.0,1.0,0.6931471805599453,1.0,1.0
"other/square","none","labels0","Genie_g0.5:M1",1.0,1.0,1.0,1.0,0.6931471805599453,1.0,1.0
"other/square","none","labels0","Genie_g0.7:M1",1.0,1.0,1.0,1.0,0.6931471805599453,1.0,1.0
"other/square","none","labels0","Genie_g1.0:M1",1.0,1.0,1.0,1.0,0.6931471805599453,1.0,1.0
"other/square","none","labels0","GIc_A5_TC3:M1",1.0,1.0,1.0,1.0,0.6931471805599453,1.0,1.0
"other/square","none","labels0","GIc_A5_TC11:M1",1.0,1.0,1.0,1.0,0.6931471805599453,1.0,1.0
"other/square","none","labels0","GIc_A1_TC3:M1",1.0,1.0,1.0,1.0,0.6931471805599453,1.0,1.0
"other/square","none","labels0","GIc_A1_TC11:M1",1.0,1.0,1.0,1.0,0.6931471805599453,1.0,1.0
"other/square","none","labels0","GIc_A0_TC3:M1",1.0,1.0,1.0,1.0,0.6931471805599453,1.0,1.0
"other/square","none","labels0","GIc_A0_TC11:M1",1.0,1.0,1.0,1.0,0.6931471805599453,1.0,1.0
"other/square","none","labels0","GIc_A0_TC0:M1",0.5150771933880491,0.7575195195195195,0.7671398435433385,0.5158641192552322,0.3554244924282134,0.5281243735135088,0.5277729447516817
